Plastic Type,SMILES (REACTANT) -- n=10,SMILES (PRODUCT) -- n=10,PDB-ID,Enzyme Name,AA Seq
PHB_PHA,CCC(C(=O)O)O,,,PHB_depolymerase,MKHPYGYRWHWLYALVVTLMTALATFSAHAAVTAGPGAWSSQQTWAADTVNGGNLTGYFYWPASQPTTPNGKRALVLVLHGCLQTASGDVIDNANGAGFNWKTIAEQYGAVVLAPNATGNVYSNHCWDYANTSPSRTSGHVGVLLDLVNRFVTNSQYAIDPNQVYVAGLSSGGGMTMVLGCIAPDIFAGIGINAGPPPAITRWKIGVVPSGYTATTAANNCKAWAGSNASSFNTQIAGAVWGTSDYTVAQAYGPMDTAAFRQIYGGTFTQGAQVSISGGGTNTPYTDSNGKLRTHEISVSGMAHAWPAGTGGDNNNYVDATHINYPAFVMDYWVKNNLRAGSGPVQSAGTPTGLTVTGTTTTSVSLSWNAVTNATSYNVYRNGSKVGSSTSTTYTDTGLIAGTTYSYTVTEIDPTAGESAQSSAVSAKTQSSFACTATTASNYAHVQAGRAHDSGGIAYANGSNQSMGLDNVFYTNTLAQTAAGYYVIGNCP
PHO_PHA,CCCC,,,PHA_depolymerase,MPLRTLLCGLLLAVCLGQHALAASRCSERPRTLLRPAEVSCSYQSTWLDSGLVGQRKIIYQTPLGTPPAGGWPVVLIYQGSFFPLNDFSYHSNLPFGGYYEGKLVQNLLDHGYAVIAPSAPADLFWQTNIPGLAQAYELSTDYDFLGNVLAAIASGHFGPLNAQRQYATGISSGGYNTSRMAVSFPGKFRALAVQSGSYATCSGPLCVVPDQLPADHPPTLFLHGFVDAVVPWWSMDLYYDRLLHQGIETARYTEPLGGHEWFAASPGKVLAWFNAHP
PHB_PHA,CCC(C(=O)O)O,,,PHB_depolymerase-A,MRNTLKAAFKLGVISAALLAPFATQAATAGPGAWSSQQTWAADSVNGGNLTGFYYWPATQPVHANGKRALVLVLHGCAQTASGDVINNGDNGYNWKAAADQYGAVILAPNATGNVSSQHCWDYSRTSHSRSTGHEYVLLDLINRFKNDPQYEIDPNQVYVTGLSSGGGETIVLGCIAPDVFAGWASNAGPTPGTTTLQIGAVPSGYTATNAKNNCLSLAGSNSSYFSTQIAGVVWGTSDFTVAPGYNPLMMDAMRQIYGGTFTKQASTSVATGGTNTTYKDSSGRVRTHELSVSGMSHAWPAGTGGQNTNYVTSQYVNYPLFVMDYFFTNNSRAGSGGGTTTTTAGGTTTTTAAGTTTTAATTTTTASSTTTTVAATCYTSSNYAHVTAGRAHNSSGYALANGSNQNMGLNNTFYTSTLKQTSPGYYVIGTCP
PHB_PHA,CCC(C(=O)O)O,,,PHB_depolymerase,MLAKQIKKANSRSTLLRKSLLFAAPIILAVSSSSVYALTQVSNFGTNPGNLQMFKHVPSGMPANAPLVVALHGCTQTAAAYEASGWSALGNTHKFYVVYPQQQSGNNSNKCFNWFEPGDITRGQGEALSIKQMVDNMKANHSIDPSRVYVTGLSAGAFMTTVMAATYPDVFAGAAPIAGGPYKCATSMTSAFTCMSPGVDKTPAAWGDLARGGYSGYNGPKPKISIWHGSSDYTVAPANQNETVEQFTNYHGIDQTPDVSDTVGGFPHKVYKSANGTPLVETYTITGMGHGTPVDPGTGANQCGTAGAYILDVNVCSSYYIGQFFGIIGGGGTTTTTTSGNVTTTTAATTTTTTATQGYTQTTSATVTNHYVAGRINVTQYNVLGARYGYVTTIPLYYCPSLSGWTDKANCSPI
PHB_PHA,CCC(C(=O)O)O,,,PHA_depolymerase_B,MMSSQTTQSSKFSLFLKRGLLLAAAPLLAMSASSALAATQVTGFGSNPGNLLMYKHVPSSMPANAPLVIAMHGCTQSASAYEATGWTQLANTYKFYVVYPEQQSSNNQNKCFNWFEPGDIARGQGEALSIKQMVDKMKADHSIDTNRVYVTGLSAGGYMVNVMLATYPDVFAGGAPFSGGPYNCATSMTNAFTCMSPGVDKTPAAWGDLARGGYSGYTGRKPIVSIWHGDADYTVKQSNQVEEVEQWTNYHGIDQTADVSDTVAGFPHKVYKDASGNALVETYTITGMGHGTPVDPGTGSLQCGTAGAYILDVNICSSYYVAKFWGLIGGSGTTTTTSAGTTTTTSAGTTTTKASTTTTKVSTTTTASTTTTTAGACYNSSNYAHVTAGRAHDTGGYAYTNGSNQKMGLNNTFYTSKLRKTGTNYYVIDTTCP
PHB_PHA,CCC(C(=O)O)O,,,PHB_depolymerase,MQLKKSLRVTIAVLLGAGVSASAFALTPGSGTWVKESATYGTPNLQDAYLYVPKNPAPQVLGGKRALMLSLHGCGQTASTSVIDKRFNWEETAEKYGMVVVAPTVPTGTSSTRAASGCWDWFGTAHNRTTRDVVPLIKLIDAVKARTNLDIDPNQIYVSGLSAGAGETHVLGCSFPDYFAGVAPNASPSLGSAAGDISVPPKRTPQQVADMCRAINGNQFNAHLDTQIFATVYGDKDYLVLPAHNEVNRDGMKIAYDATVSAGTASVDGGGTASLFKDSRGRLRISSMVVAGMSHAWPSGPGAAPYIAWVDSTRVNYPAYVTQFFFENNLRVNKWKITCSVNVPNASSATVSASATAAAGATVASYRVALQGKTAINDNAAGSGTSLNKSYNLGNGIYAGTVTAVDSKGVESEACQLSSFQVGQLDPLYPPSDIQATGISSSSIKLNWSAVSSATAYDVRRNGGAPVRVTATQYTDTGLAPDTSYSYTVTSVNDNMTSGQSGQIIGKTQPVTYTEKVTATVTGHYSAGRINVNQYLQLGAKYGYNASLTLYKCEGVWTNSSSCGPLQ
PHB_PHA,CCC(C(=O)O)O,,,PHB_depolymerase,MNKYLKNLCFAAATVTLMASAPSAFALSEVTGFGTNPGALKMFKHVPTSMPTNAPLIVAMHGCTQSASAYEGSGWSALANNYKFYVVYPEQQSGNNSNKCFNWFESGDIARGQGEALSIKQMVDKMKADYSIDANRVYVTGLSAGAFMTAVMAATYPDVFAGAAPIAGGPYKCATSMIDAFSCMSPGTDKTPAAWGDLARGGYSGYNGRKPKISVWQGSSDTTVKPMNMDELMQQWTNYHGIDQTADVSETVKGFPHKVYKDASGNALVETWSITGMAHGTPVDPGTGAEQCGTSGSYILDVNICSSYHIAQFFGLTGAGTTTTTTVGSTSTTTGYTSTSSAPVTTTTSVASTTTTTVAAGACYNASNYAHVTAGRAVNSMGYAKAKGSNQNMGLYNTFTTSKLREAPAGYFTIDSTCP
PCL,C1CCCC(=O)O1,,,Cutinase,MKFFALTTLLAATASALPTSHPVQELEARQLGGGTTRNDLTNGNSASCADVIFIYARGSTETGNLGTLGPSIASKLESAFGRDGVWIQGVGGAYRATLGDNSLPRGTSSAAIREMLGLFQQANTKCPDATLIAGGYSQGAALGAASVEDLDSAIRDKIAGTVLFGYTKNLQNHGRIPNFPADRTKVFCNTGDLVCTGSLIIAAPHLTYGPDARGPAPEFLIEKVRAVRGSA
PCL,C1CCCC(=O)O1,,,Cutinase,MKFFALTTLLAATDSALPTSHPVQELEARQLGGGTTRNDLTNGNSASCADVIFIYARGSTETGNLGTLGPSIASKLESAFGRDGVWIQGVGGAYRATLGDNSLPRGTSSAAIREMLGLFQQPNTKCPDATLIAGGYSQGAALAAASVEDLDSAIRDKIAGTVLFGYTKNLQNHGRIPNFPADRTKVFCNTGDLVCTGSLIIAAPHLTYGPDARGPAPEFLIEKVRAVRGSA
PVA,CCO,,,PVA_dehydrogenase,MQQNIERNQVSMTTSRFVWGAVMALVALGSASAAELNLPDGAALYRARCGTCHDNPQDRTPARDVIARNSPAFIMAAMNGVMAPMAAGLSEAEKQAIALHLGARPAGGSQEINPHAIWGPPSASMPLDGPKCKGKIPPIDLSTPDQWNGWGAGITNARFQPNPGLTAADVPRLKVKWAFNYPGSKNGQATVVGDRLFVTSMSGAVYALNAKTGCVYWRHDAAAATRSSVHVVQLPAGAPAQYAIFFSDWTKAAVALDAQTGKQLWKTTIDDQPGVQMTGSPTYHEGKLFVPISSGNEAFATNDQWECCKFRGALVALDALSGKVLWKTYTTQKEPAPFRLNKLGKQMWGPAGGSIWSAPTIDPKRGLVYVATSNSYTEVHHEGSDAVMAMEIETGKVRWINQVTKDDNYIIGCPRAANCPEKVGPDFALGNSPILHTLQDGRQYIVVGQKSGAVYAMDPDNDGELIWMRRVSPGSELGGVEFGMAADAENVYVGISDVITRKGGKPGVYALRIRDGADVWAFPAPRTPCRWNNIFCHPAVSQAVTAMPGVVFAGSMDGHFRAFSTSDGKVLWEFNTAAAPYKTVAGKQADGGVMDGAGPTIAGGMVYVHSGYAGRSTQNAGDLRGREGNVLIAFSVDGK
PHB_PHA,CCC(C(=O)O)O,,,PHB_depolymerase,MAFNFIRAAAAGAAMALCGVGSVHAAVNLPALKIDKTQTTVSGLSSGGFMAVQLHVAYSATFAKGAGVVAGGPFYCAEGSIVNATGRCMASPAGIPTSTLVSTTNTWASQGVIDPVANLQNSKVYLFSGTLDSVVKTGVMDALRTYYNSFVPAANVVYKKDIAAEHAMVTDDYGNACSTKGAPYISDCNFDLAGAMLQHLYGTLNARNNATLPTGNYIEFNQSEFITNHGMATTGWAYVPQACQAGGTATCKLHVVLHGCKQNIGDVQQQYVRNTGYNRWADTNNIVMLYPQTSTAATNSCWDWWGYDSANYSKKSGPQMAAIKAMVDRVSSGTGGTTPPDPVALPAPTGVSTSGATASSMAIGWAAVMGAASYNVYRNANKVNALPVTATSYTDTGLAASTTYSWTVRAADANGAEGATSAAASGTTLAASGGGTATCTTASNYAHTLAGRAYAAGGYTYALGSNQNMGLWNVFVTNTLKQTSTNYYVIGTCP
PHB_PHA,CCC(C(=O)O)O,,,PHB_depolymerase,MTSRPMRSLVIAFLTLVAAAAPALAGAGAWQNNLSLGGFNKVHLYTPDGDSPVGNGKALLIVLHGCTQSIDAYKTANLEVAAEEYGMVVAVPDAMNKAGFSCWSYWQGTKSRSAGDYKNLINLANTLSGDAARGIDPNQVYIAGLSSGASFANTTACLAPDVFAGVGVSAGPSVGTSSSGAIGTCEQADVESRCRDLGGGYQSAFDTQVASIAHGDADTTVDTCYNRQNAEGMAGLYGVSEVAGSTVINADGGSAEEFLWQDGRVSMLWFHGLDHSWSGGQGASGSYVSGASINYARYLGGFFAEHNARIDRNRVPTLAQVDVTASADRIQVSGQASDEDGTVSSVAIVIEGVNGGGATLAAAIDNNGYFQATSDPLADGLYTVAVTAADDDGGESEPAIRTVRVGPEPPASAPVLSDIAVSVDGQCATVSGQVVDENQDLAGVTVTFASGVRAAGIDGVRYSARACDLPGGAQNATVSAEDEGGLSSGDQIDFVIDAGQTATLDQHISAGRLDYTNYADCYLEYGADAFKLTEATVSGQCQWQDDDASCAGPVQACSGAGGGGDPQPQPGDECQTQSTYNYYHKVAGRAYSTGNYYAPDYFAQGSDEPMAGSTWGLTALYSEDGGNVWRLGECP
PU,CC,,,PU_esterase_,MNSRSLTKAIRFPTILALAGFSVLGACGGSDNDSSSNNQGAPAVAITVAGQVQAVDRLGMRRYFGIPFAAPPVGNLRWMPPAPPQSWAAPLAKTQSNAPCMQTGATDPLRLPNGTEDCLYLDVHAPATGEGPFPVMVWIHGGAFSIGGTITYADPSPLVSKGVIVVNIAYRMGAMGFLGHPSLRAADGTVGNYGIMDQQAALRWVQDNIAAFGGDKSNVTIFGESAGGFSVMTHLASPLSKGLFAKAIVQSGGYGFDRQLTQAQLEAQSTSIVNSALAAAGVSCPTVDAACLRGLSAELVNNQLATAFTTANWSPVPSVDGKVLPKSIKATFVAGENNKVPLVNGSNQDEWSYFVASRELVAGPLTAAQYPSYLQTSLGLPPSLATVYPLTDYGTNTAQQPSLAATAAGTDMHFSCPALNLSKRVLSQATPIFMYEFRDRTAIPSIGRNTISFNQGAGHTYELQYLFNLRDLETAEHRDLQASMARYWTNFARTSNPNNGDPVATSWPAFTGPTKVLGLDVASAGGIRELATFETDHKCNTAWTSLTF
PHB_PPL_PHA,CCCC,,,PHB_depolymerase,MAFNFIRAAAAGAAIALCGVASVHAAVNLPALKIDKTQTTVSGLSSGGFMAVQLHVAYSATFAKGVGVVAGGPFYCAEGSVVNATGRCMASPTGIPTSTLVNTTNTWAGQGVIDPVANLQNSKVYLFSGTLDSVVKTGVMDALRTYYNSFVPAANVVYKKDIASEHAMVTDDYGNGCSTKGAPYISDCNFDLAGAMLQHLYGTLNARNNATLPSGNFIEFNQSEFISNHGMATTGWAYVPQACQAGGTATCKLHVVLHGCKQNVNDVQQQYVRNTGYNRWADSNNIVMLYPQTSLAATNSCWDWWGYDSANYSKKSGPQMAAIKAMVDRVGSGGTTNPPVDLPAPTGVKPSGATASSMAIGWNAVSGGPSYNVYRNGNKTNALPVTATNFTDTGLAASTTYSWTVRAADGNGAEGAVSAAASGTTLAASGGGTGTCTTASNYAHTMAGRAYVYGGYTFALGSNQSMGLWNIFVNKTLKQTSPNYYVIGTCP
PU,CH4,,,Polyurethane_esterase_A,MGVFDYKNFTASDSKALFSDALAITLYSYHNIDNGFAEGYQHNGFGLGLPATLVTALIGSGNSQGVIPGIPWNPDSEKAALDALHQAGWSTISAQQLGYDGKVDGRGTFFGEKAGYGTAQVEILGKYDAQGHLESIGIAFRGTSGPRESVISDTIGDVINDLLAALGPKDYAKNYAGEAFGKLLGDVAAFAQANGLSGKDVLVSGHSLGGLGVNSLADLSSERWSGFYKDSNYIAYASPTQSASDKVLNIGYENDPVFRALDGSTFNLSSLGVHDAHQDSATNNIVNFNDHYASTLWNVLPSSILNIPTWLSHLPTGYGDGLSRVLESKFYDFTSKDSTIVVANLSDPARASTWVQDLNRNAETHKGSTFIIGSDGNDLIQGGSGNDYLEGRAGNDTFRDSGGYNIILGGQGSNTLDLQQSVKNYSFASDGAGTLYLRDANGGISMTRDIGAIQSKEPGFLWGLFKDDVIHQVTDQGLKAGGQLTQYASSVRGDAGDNVLKAHAGGDWLFGLDGNDHLIGGQGNDVFVGGAGNDLMEAGGGNNTFLFTGHFGQDRILGYQGGDKLVFMGVSGVLPDQDYRAHASSSGNDTVLTFGQDSVTLVGVSLEHLNGSGIVLA
PHB_PHA,CCC(C(=O)O)O,,,PHB_depolymerase,MRVQSWRSGVAALALWGGVNLAAGAAVPLGQYNIATDQISVSGLSSGGFMANQLGNAYSASFMGVGIFAAGPYMCAGLNNYTACMYNASISSAQLNAMQSSIDSYSSAASIDAKSRIAAQKIYIFTGTSDYTVGPNLTDALQTQYLNNGVPQGNIAYVKRSGAAHVLPTDFDSSGNNACSSSASPYISNCGYDGAKAALTHFYGALNPRNDAPATGNYIEFNQASYTNANPGMASTGWLYVPQSCASGTQCRLHVVLHGCQQSTDKIGDKFVRNTGFSRWADTNNIIVLYPQTQVDNNNRSTSKSGSLANPNACWDWIGWYGNNFAQKSGVQMTAIKAMIDRIASGAGSGTGGGNGGGTPTQPALAAPTGLGASAATSTSMQLDWAPVTSAAGYNVYRNGNKANALTVYATSYVDAALNPATSYSWTVRAVDGNGAESADSAAVSASTLTGSNPAGTCTTASNYAHVQANRAYQQGGYAYANGSGQNMGLWNVFYTTTLKQTGSNYYVIGTCP
P3HP_P4HB_PEA_PES_PHB_PHA,CCCCH4,,,PHB_depolymerase,MTKQSLPQGMADQRLCRFFTAALCSLLMLLLWPTTVTAGQTFSYTSPQQAYSGSRERSYKVYVPTGLSTPAPMVMALHGCRQTNDDVLNDWGLKAAADRYGFILVAPFITSYDGLRNENCWGFWFEQHIHQGGGEVADLHRIAQQVEANFVIDANRRFITGLSSGGAMALVAAVAYNEYWAAAAPAAGLPYRETASSVSLSGQCPGSATFRSVSQVAADMRSEVNDAYPIPLMILQNRNDCTVLQTAANNMRDAHLQVFGSASRNTPATTKASDTGCSPYHQNDYGCRHIAYTQDGTTATRSLVETVIYDGPLATPNPQDTNHGHYWIGGAQGNNGKWSLQVGPSYPDIIWDFFSRHSRDGSQPQGHPVIVLQGDNPLSVPLGSTFNDPGASASDAEDGSLPVSADCSAVNPSVVGSYSCLYSATDSDGNRSTLTRTVEVYDPNAPVETCQVVSASPSAHIGAGRAYAGGTSNLRAYAKDDGVDIGGSFDTWSNVPLYEGEPGRWYAQRPAACGGSGQAFTCQEWNASNLSHVMAGRAYYGYYTVGGNQYLGSLSGLSTWVRETAQGHFQAGRCSN
P3HP_P4HB_PEA_PES_PHB_PHA,CCCCH4,,,PHB_depolymerase,MVRRLWRRIAGWLAACVAILCAFPLHAATAGPGAWSSQQTWAADSVNGGNLTGYFYWPASQPTTPNGKRALVLVLHGCVQTASGDVIDNANGAGFNWKSVADQYGAVILAPNATGNVYSNHCWDYANASPSRTAGHVGVLLDLVNRFVTNSQYAIDPNQVYVAGLSSGGGMTMVLGCIAPDIFAGIGINAGPPPGTTTAQIGYVPSGFTATTAANKCNAWAGSNAGKFSTQIAGAVWGTSDYTVAQAYGPMDAAAMRLVYGGNFTQGSQVSISGGGTNTPYTDSNGKVRTHEISVSGMAHAWPAGTGGDNTNYVDATHINYPVFVMDYWVKNNLRAGSGTGQAGSAPTGLAVTATTSTSVSLSWNAVANASSYGVYRNGSKVGSATATAYTDSGLIAGTTYSYTVTAVDPTAGESQPSAAVSATTKSAFTCTATTASNYAHVQAGRAHDSGGIAYANGSNQSMGLDNLFYTSTLAQTAAGYYIVGNCP
O-PVA,COCCO,,,Oxidized_PVA_hydrolase,MNQSLGVLRLTRGVIALALASVASGCSSTGADRTAATPAAANPAATEPVKWECPAGYEVKEGLNVDFPHKGMKRAFIVYPAKNVSGPAPVWVPMTGSVESTNDNLTVARSGANSILADHGYTVIAPVRACANQDPNIRGERCNGPGSNGWNWNPWFEGRAADPSGEHWKNDEGPDSSFFVAMVQCVGTKYKLDARRLFLGGISSGGTMTNRALLFRSNFWAGGLPISGEWYVTSDDGTPLSFDDARAAVAAAPTKIHQGRVGPYPLPAKVGPLIVMTVWGGEKDLWNCTRPDGSRFLCADYRPSTQAGSNFFSAQPDVVHVACSSTHGHMWPQLNTQEFNRWALDTLASHPKGSDPRSFKLTQPPEGYTCHVGPFTGLY
PU,,,,Polyurethanase,MSMSIFDYKTALGGDGKALYSEAITLALYASTPTGEALPGTAWRPISVSQLGYQGNVSAQGTISGEQAIVSDAQSRCWANTTRPGSCCPSASSFRGTRQPQGRYQRLAGGLRVGLLPTTTSRLAFDNLLGKVAAFAAAQGLSGSDVLVTGHSLGGLGGQPRGGHEQRSLGRLLPGRQLLGFASPTQSANSSQVLNIGYETTRCSAPWTALISTALSLGTHWQAPGVATNNIVSFTDHYSSFLGEVDSPEHPQSAVLVGPQCGGLRRGLNRLINSDFYDLTSRDSTVVISNLSEGKRDQVWVKDLNLYAEKHTGSTFIIGTQSNDLLHGGKGNDYLDGGAGDDRFRDDGGYNIIHGGQGHNVLELQQPLKNFSIANDGDGTLYIRDAYGGISMTRDVGALVSHETGSWWQLFGKDVSHSVTADGLQNGNQWTAYNHSLNGDAYGNALVASVDGDWLFGHGGDDLLSSDKANVTFVGGTGNDVMHSSGGGGNTFLFSGNFGFDLIHGYQNTDKLVFMGVPGVDAHYDYSQHLSQNGNDTLVQVFGEFLRVNPWWGSAWTSLSGSGLVFA
PBS,,,,PBS_depolymerase,MHLPRSRWDIPFKEETTMTHHFSVRALLAAGALLASAAVSAQTNPYERGPAPTTSSLEASRGPFSYQSFTVSRPSGYRAGTVYYPTNAGGPVGAIAIVPGFTARQSSINWWGPRLASHGFVVITIDTNSTLDQPDSRSRQQMAALSQVATLSRTSSSPIYNKVDTSRLGVMGWSMGGGGSLISARNNPSIKAAAPQAPWSASKNFSSLTVPTLIIACENDTIAPVNQHADTFYDSMSRNPREFLEINNGSHSCANSGNSNQALLGKKGVAWMKRFMDNDRRYTSFACSNPNSYNVSDFRVAACN
PHB_PHA,,,,PHB_depolymerase,MKTRMLVGWAAAAVLAAGPAWAVQSLPRLNIDKSQISVSGLSSGGFMANQLGVAHSSTFMGVGVFAAGPYMCAGHYNYTACMYNATISDGQLSTMQSSINHWSGSQIDDKAGIAKQKIYLFVGTSDSTIGPNPMDALRKQYANNAVPTGNDEYIKRSGAAHVFPTDFDAAGNNSCGSTSSPYIANCGYDGAKAVLTRIYGTLNPRNDTPPASNYIEFSQASFTNNPGMAATGWVYVPSDCAAGAQCRLHVALHGCQQSYAQIGDKFIKNTGYTRWADTNRIVVLFPQTKVDNTSRSTAASGLLPNPNACWDWIGWYGSDFAQKGGSQISAIKAMVDHLASGAPTSTLPAPTGVSTSGATDTSMVISWASVQGAAGYHVYRNGAKQTTTPVTGTSYTDTGLTPATTYQWTVTAVDGQGAESVPSAAASGTTTGAAPPPATCYTASNYAHTTACRAYAAWGYAYAKGSNQNMGLWNIYVITTLKQTGPNHYVIGTCP
PHB_PHA,,,,PHB_depolymerase,MQHLLSGWIRRIALPVLTLSTLIILPSLPAHAGQTDSYTLPQQAYNQSRARDYKVYVPDGLTSPAPMVMALHGCKQTNNDVLNDWGLKAAADRYGFILVAPYITSYDGLRNQNCWGFWFDHHRHEGAGEVEDLHQIALAVEGNYSIDPQRRFITGLSSGGAMTAVAAITHNEYWAAAASASGLPYGEDSSSVSLTGQCPGNATFHSVSRVVSDMQAELNDPYPIPMMVLQNKNDCTVLKKAADNIRDAHLKVFGEAGFDTPSGADAGTVNCSPYYQNDYNCTHTRYTQDGTTGTRSVVETVYLDGPLSTPNTQDTDHGHYWVSGKDGNNGKWAIRVGPSYPDIIWNFFAAHDRDGPDPEGYPVITLIGDNPMSVAIGTAFTDPGATAEDAEDGSLTVSADCSDVDTASVGTYACTYSATDSDTNETTVTRSVEVYDPKAPVETCQQATASPSGHISAGRAYAGGTSNLRAYANGDDADIGASFDSWSSVVLYEGEPGQWFSQEPSACSGVPDDGNDNGDPVACQDWNASNLSHSMAGRAYYSAGYYTTGGDDSLGPIPGTYTWVKETSAGVFEAGQCP
PLA,,,,PLA_depolymerase,MRKLKLLLMVCMSMVFIFTLPGMGQSLKASAATERTPIVFVHGLTGSDSNFALIERYLRGEGWSSDELFAIDLPSKAGNQLLNSAAISRFVDDVLRQTGHSKVHIVAHSMGGANSLYYILNRGGIDKVDKLITLGGANRLTTSRAPDGIRVTSIYSTSDTIVSPALSRLDGANNISVNLVTHIGLLYNSRVNALIKAALIE
PHB_PHA,,,,PHB_depolymerase,MSVLHGMFGFLSPEGPSSPSDGVGSLEQVAEREAHQGPGPGDAPMLVARGDHMTTPAQPSPFHRVLGHRLLGGPFDRRGATVLSDDAARGPDPGILDHVRPGGRVACVAEPESVGRQPAAVRQAAQRMAVRTPAMLAPRSGRAGGDGTVLMFGGTVDEAGHSDQGWWLRTKPKPNLAHRTVRGNPQRWPARGNSSIAGYDESRVHRRLGTLCGTRSPLLQAGGAGGSILPLVPVRHCLYAVRQIGAIGHGKGNSAAEFGLKTTVVDGETVAITERIALRKPFCNLLHFAKPEGTPAQPRVLLVAPMSGHHATLLRGTVAALLADHDVFVTDWIDARLVPLACGRFDLDDYIDTVVTELIRFLGPQTHVIAVCQPAVPVLAAVSLMAAGDEAVQPRSMTLMGGPIDPMANPTVPVKLAATHPLSWFERNVITTVPAYYPGGFRQVYPGFIQLSGFMSMNLDRHIGEHVGLFRHLVRGDGDSAVQHRRFYDEYLSVMDLSAEFYLQTIETVFHKHSLANGTMESRGRKVEPAAIRRTAVMTVEGELDDISAPGQTESAHRLCASLPDDMRARHFQKGVGHYGIFNGRRWRESIMPAVREFIRKHD
P(3HB-co-3MP)_PHA,,,,PHA_depolymerase,MRSIRLKRLIAAVALGGAAAATQAASPLPRLNVDKTQISVSGLSAGGFMANQLGYAYSGTFMGVGIFAGGPYMCAGHSNYTSCMYNATITSSMRSAMQASIDNWSGAHIDPKAHVANQRVFLFVGNSDTTVGPNPMDAVHAQYQHNGVRRTARVRGRNSTAHVFPTDFDATGNNACNSTASPYIANCGYDGAKAVLSRIYGTLQPRNDAPAGANYIEFDQTAFTNNPGMASTGWVYVPANCAAGAQCRLHVALHGCQQSTGHIGDRFVKNTGYTRWADTNNIIVLFPQAKTDNTPRNTAASGMLPNPNACWDWVGWYGSNFAQKTGTQAAAIKAMVDHVASARPRLRLPAPTGVQTSGATSSSMVISWAAVQGAAGYNVYRDGTKVNATAVSGTSYTDNGLSPGTTYQWTVRAVNAQGPRPAVGPATGTTTGTAAVCFTSSNYAHVSAGRAYVSMGYTYANASHQNMGLWNVFVTTTLKQTGPNYYVIGTCP
PEG,,,,PEG_dehydrogenase,MCLVTLYRCTPIWVRNRGMHKFDFVVVGAGSAGCTVASRLSENGKYQVALLEAGGSHNNPLISIPFNFAFTVPKGPHNWSFETVPQEGLNGRRGYQPRGKVLGGSSSINAMVYIRGAKEDYEHWAALGNEGWSYEEVLPFFKKAQNRVKGANEYHAQGGPLTVSPPRSPNPLNDMFIKAGMDCQLPYNEDFNGETQEGIGCYELTQDRGKRCSAALAYVTPAEKRKNLTIFKQAFVEKVLVENGQATGVMVKLNGNLQLIKARREVILSCGAFQSPQLLLLSGIGAKDKLDPHKIKVVHELPGVGENLYDHVDFCLMYQSDSEHVLGKNARSVFRVAWNQFKYFAGRRGILTTNFNESGAFYFTNPDERSPDIQLHFAFTLVDQHGLKRHGRGGFGCHVCVLRPKSHGNLTLADANPATPPLIDPAFLKDERDVATLLAGVKRAQQILQAPAFDEIRGKPVYATASNNDDELIEDIRNRADTIYHPVGTCKMGPDSDPMAVVDSSLRVRGIRNLRVIDASIMPSIVSGNTNAPTIMIGEKGAQMILDEAESYT
PVA_O-PVA,,,,PVA_hydrolase,MFKPVVKSRSSRSFCYLAGCLAMVAATLSSTAQAKSEWACPEGFTPKAGLNTDFPSDGKKRAFVVVPPKDSAGGAPVWVPMVGTVEATNWNLNVPRSGNNAKLAEHGYMVISPVRQCAEQDPNLGAGACNGVGKDGWTWNPWNDGRAPDASGDKYKTDAGDDVRFLEAMVRCVGTKWKLDRKRLFLGGISAGGTMTNRALLFDSEFWAGGMPISGEWYSTKDDGSTVPFQETRKMVAAAPAKIWQGRVGPYPLPSKLDPMVVITVWGGEKDLWDCGPPLGLCSDYRPTTQASSNYFSSISNVVHVACSATHGHMWPQVNTDAFNLWALNTMASHPKGSSPKDFKLTAPPEGYSCKIGRFTDHYK
PEG,,,,PEG_aldehyde_dehydrogenase,MKEYPNLYIGGQWVSPHSDNMSTVINPSTEEVCAKIASGDKADVDAPVRAAREAFDSFWQSSRESRVKLLRDVVAGIQSRADEFAEAINQEMGAPLWWAQQAQVPAGIAHFATAADVLEKFKFVEAKGTTHLRREAIGVCGMITPWNWPLNQVACKIAAALAVGCTVVLKPAEQTPLDSILLAEVIDAAGAPPGVFNLVTGSGSVVGSALSDHPEVDMVSFTGSTRAGAMVAKAAADSIKRVSQELGGKSVNLVLPDADLQESVVRAVRSLMSNAGQTCSAGSRLLVPADRQEEAIAIAKQTAESIPVALSADADAPAIGPISTQRQYEQVKKLIGVGIDEGATLVTGGVESPSGATKGFFVKPTIFANVNNAMAIAQEEIFGPVLVIIAYEDVDQAVQIANDSPYGLSGYVQGPHEQAVEVASSIRTGQVFINNAHADFNAPFGGFKQSGNGREWGEVGFDEFLEY
PCL_PHA_PHBV_PHPV,,,,MCL_PHA_depolymerase,MLAPRSLLFCLLLFALPNAFADSRCSERAKTLLLPAKVSCSYKTTWIDSGLIGARQVIYQAPLGTPPAGGWPVVLIYQGSFFPLNNFTYYSNQPFGGYYEGKLVRALLDSGYAVIAPSAPADLFWQTNIPGLAQAYELTTDYDFLGNVFDAIASGHFGPLNSQRKYATGISSGGYNTSRMAVSFPGQFKALAIQSGSYATCSGPLCVVPDQLPADHXPTYFLHGFVDLTVPWWSMDLYYDRLLQQGIETARYTEPLGGHEWFAASPGKVLAWFNAHP
PBS_PCL_PHB_PLA_PHA,,,,Cutinase,MLVSALALAVLSAASLGRAAPTPESAEAHELEARATSSACPQYVLINTRGTGEPQGQSAGFRTMNSQITAALSGGTIYNTVYTADFSQNSAAGTADIIRRINSGLAANPNVCYILQGYSQGAAATVVALQQLGTSGAAFAVKGVFLIGNPDHKSGLTCNVDSNGGTTTRNVNGLSVAYQGSVPSGWVSKTLDVCAYGDGVCDTAHGFGINAQHLSYPSDQGVQTMGYKFAVNKLGGSA
PHB_PHA,,,,PHB_depolymerase,MKRLFIAGMIFMLFFSLGAVSSSAAGSFTSKTYNGRTYKLYVPSSYQGGAALPLVVMLHGCTQDPDQFAAGTQMNALAETEKFLVLYPEQPSSANSNKCWNWFDTAHQSRGSGEPALIAGMVNQIKSSYSIDADQVFVGGLSAGAAMSVIMGATYPDIFAAISVGAGLEYKAATSVTGAYTAMSSGGPNPIQQGDLAYSAMGEHKRVVPVILFHGTADYTVAPINAHQILSQWAQTNDRASDGLDNNNIDDTADQTLPGTVSGGRSYTQYIYKDTAGKTVMEKYMIEGMGHAWPGGSTSGSYTDPKGPNATTLSWNFFKSHPKNSDAPNPGDISPPVTAASPAGGTYGSSVSVTLSTNEPATTYYTLDGSTPTVNSLKYSEPISINSSKTIKFFSVDAAGNQEGVKTEVYQISGTSEKSSVFSSLAAEDGFIGNLSADGMSSSIHKIGDKGMYNTDTYRTILSFDTSSLPDDAIITDVSLKIYRKSSTGNISSLKGDIKTGVFGTSSALEQIDYQASPSISAAFQMSVPSLDNGYTTIQLPSSLLGYMNRNGKTQFRLSSSGSADFLSDVVEIYGGDNPAYAPTLTVSYK
PU,,,,Polyurethanase,MGVFDYKNFTASDSKALFSDALAITLYSYHNIDNGFAEGYQHNGFGLGLPATLVTALIGSGNSQGVIPGIPWNPDSEKAALDALHQAGWSTISAQQLGYDGKVDGRGTFFGEKAGYGTAQVEILGKYDAQGHLESIGIAFRGTSGPRESVISDTIGDVINDLLAALGPKDYAKNYAGEAFGKLLGDVAAFAQANGLSGKDLVSGHSLGGLGVNSLADLSSERWSGFYKDSNYIAYASPTQSASDKVLNIGYENDPVFRALDGSTFNLSSLGVHDAHQDSATNNIVNFNDHYASTLWNVLPSSILNIPTWLSHLPTGYGDGLSRVLESKFYDFTSKDSTIVVANLSDPARASTWVQDLNRNAETHKGSTFIIGSDGNDLIQGGSGNDYLEGRAGNDTFRDSGGYNIILGGQGSNTLDLQQSVKNYSFASDGAGTLYLRDANGGISMTRDIGAIQSKEPGFLWGLFKDDVIHQVTDQGLKAGGQLTQYASSVRGDAGDNVLKAHAGGDWLFGLDGNDHLIGGQGNDVFVGGAGNDLMEAGGGNNTFLFTGHFGQDRILGYQGGDKLVFMGVSGVLPDQDYRAHASSSGNDTVLTFGQDSVTLVGVSLEHLNGSGIVLA
Nylon,,,,Nylon_Oligomer_Degrading_Enzyme,MLRFDFPGVSIGAAHYEEGPTGATVIHIPAGARTAVDARGGAVGLSGGYDFNHAICLAGGAGYGLEAGAGVSGALLERLEYRTGFAELQLVSSAVIYDFSARSTAVYPDKALGRAALEFAVPGEFPQGRAGAGMSASAGKVDWDRTEITGQGAAFRRLGDVRILAVVVPNPVGVIVDRAGTVVRGNYDAQTGVRRHPVFDYQEAFAEQVPPVTEAGNTTISAIVTNVRMSPVELNQFAKQVHSSMHRGIQPFHTDMDGDTLFAVTTDEIDLPTTPGSSRGRLSVNATALGAIASEVMWDAVLEAGK
Nylon,,,,Nylon_Oligomer_Degrading_Enzyme,MNARSTGQHPARYPGAAAGEPTLDSWQEAPHNRWAFARLGELLPTAAVSRRDPATPAEPVVRLDALATRLPDLEQRLEETCTDAFLVLRGSEVLAEYYRAGFAPDDRHLLMSVSKSLCGTVVGALIDEGRIDPAQPVTEYVPELAGSVYDGPSVLQVLDMQISIDYNEDYVDPASEVQTHDRSAGWRTRRDGDPADTYEFLTTLRGDGGTGEFQYCSANTDVLAWIVERVTGLRYVEALSTYLWANVDADRDATITVDQTGFGFANGGVSCTARDLARVGRMMLDGGVAPGGRVVSQGWVESVLAGGSREAMTDEGFTSAFPEGSYTRQWWCTGNERGNVSGIGIHGQNLWLDPRTDSVIVKLSSWPDPDTRHWHGLQSGILLDVSRALDAV
Nylon,,,,Nylon_Oligomer_Degrading_Enzyme,MNARSTGQHPARYPGAAAGEPTLDSWQEAPHNRWAFARLGELLPTAAVSRRDPATPAEPVVRLDALATRLPDLEQRLEETCTDAFLVLRGTEVVAEYYRAGFAPDDRHLLMSVSKSLCGTVVGALVDEGRIDPAQPVTEYVPELAGSVYDGPSVLQVLDMQISIDYNEDYVDPASEVQTHGRSAGWRTRRHGDPADTYEFLTTLRGDGSTGEFQYCSANTDVLAWIVERVTGLRYVEALSTYLWAKLDADRDATITVDTTGFGFAHGGVSCTARDLARVGRMMLDGGVAPGGRVVSEDWVRRVLAGGSHEAMTDKGFTNTFPDGSYTRQWWCTGNERGNVSGIGIHGQNLWLDPLTDSVIVKLSSWPDPDTEHWHRLQNGILLDVSRALDAV
PLA_PBS_PBSA_PCL_PES_PHB_PHA,,,,PLA_depolymerase,MEMVKGVHLAIAALLFLCVLPGNADASEKQFDLVLVHGLTNKHRWSDSFLRALVNEWGSGNVYVIYTNQSMQVSKRTIDGKTITFIGKNDFSAGDDSVKDQAEIMAEKIEVLKRDHGLSPQFYIIAHSMGGLVSRQYIYDHPNTVAGLVTLGTPHHGSPLASDFDWLGFFIGAEAAMDNLRPEWVEDFNRRFPVENAPLYNGGKIYTIRGDSDGKIWEWGAMGELYVGWHILHKKHGTDSDGLVPHASAVIEGAVHLADFPNYHHLDLVTREEVAKKAAEVLR
PBS_PBSA_PCL_PES_PLA_PHA,,,,PLA_depolymerase,MHESVHAESLWLTMDDGAEVYVRVWEPAARAAADSSDDAPAPPAAAGGPRAVLQLAHGMTEHSGRYDDFARFLAGRGFAVVGNDHRGHGHTGERADSMGYLADQDGFERLVDDLRAVHEWACRRWPGAPRFLMGHSMGSFLVRRYIQRYGDTVAGVIIMGTAGNPGLPGKIGRRLARLEMRRRGPRHPSMLLTSLVFGGYNKKIRSPKTAFDWLSRDAEAVKAYVADPWCGFVPSAGFYFDLLTGLLLIHDEREIARIPKDLPMLFLSGDADPVTGYGKGVERVIAQYERHGLRRMTSILYKDARHELLNELNKEEVYGDILKWLENTQAGILRNLSK
PBS_PBSA_PCL_PES_PHB_PLA_PHA,,,,PLA_depolymerase,MLLKKRWLIFISFLLAFTLLIPTAASASEKHYKPNIALEPIENSEGNEHPIILVHGLGGFGRDELGGIIKMWGGIHDIEKKLREKGYKVYTAAVGPVSSNRDRAIELYYQIKGGTVDYGEAHAKKYGHDRYGRTYPGFYPEWGEINPKTGKPNKVHLIGHSMGGQTIRTLAQLLYEGDPEEHKTGGNDISPLLSGEKQPWLHSVLSISSPHDGSTATYLVNDVIPIIQELVIGAAIFAGNIDQNLYDFKLDHWGIKKRPGESFHSYVQRVRNSPGWKTKDTANWDLKPEGAYELNRWVKAQPDVYYFSVSNTQSRRSLLTGYYVPDLFMNPFLHPTAYYIGSKTFRKSNFVLDKTWWENDGLVSVKAMKGPNIGSNDVIVEYNGTPRKGVWNHLGTMRQFDHLDIIGWGVRDVTSWYEDVARFLYSLPDDY
PLA,,,,PLA_depolymerase,SFLLAFTPFVPTATASASEKNYQPNINLEPIQNSEGNEYPIILVHGLGGFGRDELGGIIKMWGGIHDIEKKLREKGYKVYTAAVGPVSSNRDRAIELYYQIKGGTVDYGEAHAKKTGHSRYGRTYPGFYPEWGEINPKTGKPNKVHLIGHSMGGQTIRTLAQLLYEGDPEEQKISGNDISPLLSGEKQPWLHSVLSISSPHDGSTATYLVNDVIPIIQELVIGAAIFAGNIDQNLYDFKLDHWGIKKQPGESFHSYVQRVRNSPGWKTKDTANWDLKPEGAYELNRWVKAQPDVYYFSVSNTQSRRSLLTGHYVPDLFMNPFLHPTSYYIGSKTFRKSNFVLDKTWWENDGLVSVKAMKGPNIGSNDVIVEYDGTPRKGVWNHLGTMRQFDHLDIIGWGVRDVTGWYEDVARFLYSLPE
PBSA,,,,Lipase,MNLVGHSQGGLTSRYVAAVAPDLVASVTTIGTPHRGSEFADFVQSVLAYDPTGLSSSVIAAFANVFGILTSSSNNTNQDALAALKTLTTSQAATYNQNYPSAGLGAPGSCQTGAPTETVGGNTHLLYSWAGTAIQPTISAFGVTGATDTSTIPLIDPANALDLSTLALFGTGTVMINRASGQNDGLVSKCSALYGKVLSTSYKWNHLDEINQLLGVRGANAEDPVAVIRTHANRLKLAGV
PHB_PHBV_PHA,,,,PHB_depolymerase,MPFHRFLLAAALASAGMAQAAAPLGQYNIDTGKISVSGLSSGGFMANQLGNAYSSTFMGVGVFAAGPYMCAGHNNYTACMYNASISASQQSAMQGSIDSYSANGTIDGKSGIAAQKIYIFTGTSDYTVGPNLTDALQTQYLNNGVPAGNITYVKRSGTAHVLPTDFDSTSNNACSSSTSPFISNCGYDGAGAVLSHFYGALNARNNAPAAANYIEFDQSAYTAGNPGMAANAWLYVPASCASGAQCKLHVVLHGCQQSTDKIGDKFVKNTGYSRWADTNQIILLFPQTRIDNTSRSTAKSGSLANPNACWDWIGWYGGNFAHKSGAQMAAIKAMVDRIASGAGSGDGGGTTPPNDPVLPAPTGLSLSGATATSMNLAWNAVAGASGYNVYRNGNKANALTVYATSYTDSALTASTTYSWAVRAVDANGAEGDASNAVSGTTLAPTQSPGTCTTASNYAHTQAGRAYQQGGYTYANGSGQSMGLWNVFVTTTLKQTATNYYVIGTCP
PCL,,,,Esterase,MSVTTPRREASLLSRAVAVAAAAAATVALAAPAQAANPYERGPNPTESMLEARSGPFSVSEERASRLGADGFGGGTIYYPRENNTYGAIAISPGYTGTQSSIAWLGERIASHGFVVIAIDTNTTLDQPDSRARQLNAALDYMLTDASSSVRNRIDASRLAVMGHSMGGGGTLRLASQRPDLKAAIPLTPWHLNKSWRDITVPTLIIGADLDTIAPVSSHSEPFYNSIPSSTDKAYLELNNATHFAPNITNKTIGMYSVAWLKRFVDEDTRYTQFLCPGPRTGLLSDVDEYRSTCPF
PCL,,,,Esterase,MSVTTPRRETSLLSRALRATAAAATAVVATVALAAPAQAANPYERGPNPTESMLEARSGPFSVSEERASRFGADGFGGGTIYYPRENNTYGAIAISPGYTGTQSSIAWLGERIASHGFVVIAIDTNTTLDQPDSRARQLNAALDYMLTDASSAVRNRIDASRLAVMGHSMGGGGTLRLASQRPDLKAAIPLTPWHLNKSWRDITVPTLIIGAEYDTIASVTLHSKPFYNSIPSPTDKAYLELDGASHFAPNITNKTIGMYSVAWLKRFVDEDTRYTQFLCPGPRTGLLSDVEEYRSTCPF
PBSA,,,,Lipase,MVRSMRSRVVAAAVACAMSGAQFAGTTAVMTLATTHAATAATAATAATAATDDYAATRYPVVLVHGLTGTDKYAGVLEYWYGIQEDLQRHGATVYVANLSGFQSDDGPNGRGEQLLAYVKTVLAATGATKVNLIGHSQGGLTSRYVAAVAPDLVASVTTIGTPHRGSEFADFVQSVLAYDPTGLSSSVIATFFNVFGILTSSSNNTNQDALAALKTLTTSQAAAYNQNYPSAGLGAPGSCQTGAPTETVGGNTHLLYSWAGTAIQPTVSMFGVTGAKDVSTIPVIDPANALDLSTLALLGTGTVMINRGAGQNDGLVSKCSALYGQVLGTRYKWNHLDEINQLLGVRGAYAEDPVAVIRTHANRLKLAGV
PET,,,,Cutinase,MANPYERGPNPTDALLEARSGPFSVSEENVSRLSASGFGGGTIYYPRENNTYGAVAISPGYTGTEASIAWLGERIASHGFVVITIDTITTLDQPDSRAEQLNAALNHMINRASSTVRSRIDSSRLAVMGHSMGGGGSLRLASQRPDLKAAIPLTPWHLNKNWSSVRVPTLIIGADLDTIAPVLTHARPFYNSLPTSISKAYLELDGATHFAPNIPNKIIGKYSVAWLKRFVDNDTRYTQFLCPGPRDGLFGEVEEYRSTCPF
PET,,,,Cutinase,MANPYERGPNPTDALLEARSGPFSVSEERASRFGADGFGGGTIYYPRENNTYGAVASPGYTGTQASVAWLGERIASHGFVVITIDTNTTLDQPDSRARQLNAALDYMINDASSAVRSRIDSSRLAVMGHSMGGGGTLRLASQRPDLKAAIPLTPWHLNKNWSSVRVPTLIIGADLDTIAPVLTHARPFYNSLPTSISKAYLELDGATHFAPNIPNKIIGKYSVAWLKRFVDNDTRYTQFLCPGPRDGLFGEVEEYRSTCPF
PET,,,,Cutinase,MANPYERGPNPTDALLEASSGPFSVSEENVSRLSASGFGGGTIYYPRENNTYGAVAISPGYTGTEASIAWLGERIASHGFVVITIDTITTLDQPDSRAEQLNAALNHMINRASSTVRSRIDSSRLAVMGHSMGGGGTLRLASQRPDLKAAIPLTPWHLNKNWSSVTVPTLIIGADLDTIAPVATHAKPFYNSLPSSISKAYLELDGATHFAPNPNKIIGKYSVAWLKRFVDNDTRYTQFLCPGPRDGLFGEVEEYRSTCPF
PHB_PHA,,,,PHB_depolymerase,MKNPFAHGSLPPIPLPDLTEATRLTRSGRLGEATALIGRLLGRGQPEATPPFEPSPLTPPTIDGEAIEITPRPGGAPRPQAPPAGRGAFLALTHRGPAGTRDYKLFVPPGSGDSSLPLILMLHGCTQDPDDFAAGTGMNKLAEEAGCLVAYPRQPASANPSKCWNWFNDENQHRGQGEAALLAELTRAIIGERRVDPARVYVAGLSAGGAAAAILAVTYPDLFAAVGVHSGLACGAARDMASAFAAMRQGGATVRPAPSAIPAIVFHGDRDTTVHPGNGDSLVSQFTADRSGLRETSQTGRAPGGHGYRRTLHSAADGTVLCEQWTIQGGGHAWSGGQPAGSFTDPRGPDASAEMLRFFLAQCHPGLGAKAPC
PE,,,,Alkane_hydroxylase,EHIRGHHVHVSTPEDASSSRFGQSLYAFLPHAYKHNFLNAWRLEAERLHRRGLPALHWRNELIWWYAISALLLLGFSLAFGWLGALFFLGQALMAFTLLEIVNYVEHY
PHA,,,,MCL_PHA_depolymerase,MKKLLAGVFGVVAMSLSAQAAKKASNCEVTGLVDRMTCPYLEKLVSGPHLTRHVKYSLPKGKTPKAGWPTVILYQGSLFPVEFSRSSLMIAGGYNEIRLIQTLLDSGFAVIAPPAIEGVAWMTNIVGIDYDTSEDFYFVEELLVAMGNGEFGKLNMDRLYATGISSGGYHSSRMAVAFPGVFKALAVHSASYADCGGPMCFVPAQVPENHPPTIFLHGRLDPVVPVRTMYPYHETLKNQGVETEMFVSPWARHEWLEEAPELITNWFINHK
PHB_PHA,,,,PHB_depolymerase,MTKQSLPQGMADQRLCRFFTAALCSLLMILLWPTTVTAGQTFSYTSPQQAYSGSRERSYKVYVPTGLSTPAPMVMALHGCRQTNDDVLNDWGLKAAADRYGFILVAPFITSYDGLRNENCWGFWFEQHIHQGGGEVADLHRIAQQVEANFVIDANRRFITGLSSGGAMSLVAAVAYNEYWAAAAPAAGLPYRETASSVSLSGQCPGSATFRSVSQVAADMRSEVNDAYPIPLMVLQNRNDCTVLQTAANNMRDAHLQVFGSASRNTPATTQASDTGCSPYHQNDYGCRHIAYTQDGTTATRSLVETVIYDGPLATPNPQDTNHGHYWIGGAQGNNGKWSLQVGPSYPDIIWDFFSRHSRDGSQPQGHPVIVLQGDNPLSVPLGSTFNDPGASASDAEDGSLPVSAECSAVNPSVVGSCSCLYSATDSDGNRSTLTRTVEVYDPNAPVETCQVVSASPSVHIGAGRAYAGGTSNLRAYAKDDGVDIGGSFDTWSNVPLYEGEPGRWYAQRPAACGGSGQAFTCQEWNASNLSHVMAGRAYYGYYTVGGNQYLGSLSGLSTWVRETAQGHFQAGRCSN
PHB_PHA,,,,PHB_depolymerase,MQPPPFRGILTPLFPLSSSPPVGSLSRPGRRGVLTRLVAVVALVLGAALLGPAPTAHAAAGLAKPGLTKADLTEVADFGTNPGRLNMYVYRPASLPAEPAVVFALHGCTQDAQGYADNSGLLSFADRYGFLLVFAETTSSNNANRCFNWFQSSDNRRGQGEAASIRQMAAHTVSAYGADPQRTYITGLSAGGAMTSVMLATYPDVFQAGAVVAGLPFGCATDVSSAYLCMNPGTDLTADQWARRVRDGYPSWSGPWPRVAIWHGDKDTTVAPRNADELRDQWTAVHGVSQTPDRTSVIGPNSTRHEEYLAADGSVAVEVNRVPGIGHGTPVDPGTGAQQCGSTGAAYFLDSICSSYWITQFFGLSGSASDPGSLPAPSGLAATGATDTTISLTWKPVDGATDYAVHRDGAQITTSATTSYTDTGLRAGTSHTYAVAARDADGKAGPLSGAVTAQTTGATAVCWTAGNYAHVQAGRATTSAGYTYAKGSGQNMGLYNTFVTTTLKESPTGYFTVANDTCP
PBS-Blend_PBSA-Blend,,,,Cutinase,MSIDKYSPKTRGLINSRRHKMKQSTNNSASPSGLVVQHLDEKAHLRHQNRMDEATICLSLKSLDTEVGAHGLNVGVVSVGKVLGGDSESGADVANSVAVDADVERLGDPVGGDALGESSRDTSSAEGGLATVTIDVASEVGLVFGVADKNDTLDGVERRTSKLRKGIAGGSGTLGVALEEEARVGVAGQTGLDLGHDVGSTLGRVLVDTGWVDGVVFGATRNGGANAGVHGAEADRGTLRLAGTASVDDDVRRTASTLLERSSLHETSGGKDEGGKGRLELHLEIDRKGG
PCL,,,,Chitinase,MTASTTRQRISARRLGLRRATLGVATAGLVAAMFTAASAQAATGPVAGSTHVSASAAGSDTIQANFVVSEAQFNQMFPNRNPFYTYQGLVDALSAFPGFANTGDDTTKKQEAAAFLANVNHETGGLQYVVEQNTANYPAYCDWSQPYGCPAGQDAYYGRGPIQLSWNFNYKAAGDAIGVDLLNNPWLVENDPAIAWKTGLWYWNTQSGPGTMTPHDAMVNHAGFGQTIRSINGSLECDGRNPAQVQSRVDAYQRFTSILGVAPGDNLYC
PHB_PHA,,,,3HB_oligomer_hydrolase,MAVQFFQAEDGARLAYRDEGEGLPVLALPGLTRTGRDFDYLAPHLPGVRLIRPDYRGRGDSDWTGSDSYTVPQEARDVLVLLDHLGVAQAAVLGTSRGGIIGMLLAATARERLLGLCLNDVGPVLQRSGLERIFDYVGRNPAAKNLEDLAQRLPAAMPGFANVPASRWLEEAARHYVETPSGLSVNYDPALREAFLAAFDGPEVDLWPLFDATQGLPLALIRGANSDLLSHETATEMQRRRPDMILAEARDRAHVPFLDEPESLAAIHAWLAAMR
P3HV_PHBV_PHA,,,,3HV_dehydrogenase,MFEKFLSGKTAVVTGSNSGIGLGIAHELARAGADLVLNSFTDMPEDHALAESLAAEHGVEVRYVQADMSKGADCRALIEKAGACDILVNNAGIQHVAPIPDFPGEKWDAIIAINLSSAFHTTAAALPLMRKAGWGRVINIASAHGLTASEYKSAYVAAKHGIVGLTKVTALETAKEPITCNAICPGYVLTPIVEKQIPDQMKTHNMSREDVIAKVMLQRQPSGQFATVEQMGGTAVFLCSPAAEQITGTTISVDGGWTAL
PHB_PHA,,,,PHB_depolymerase,MGELVMIKPATMEFVSLSNGETIAYQEVGRRNTDILVLIHGNMTSSQHWDLVIEKLQDQYHIYALDLRGFGQSTYNQSIDSLQDFAEDVKLFIDELKLEKFSLMGWSMGGGVAMQFTANHPTFVEKLILVESVGMKGYPIFKKDTNGQPIVSSLVKTKEEIAQDPVQIAPVLDAIKNMNKLYYRTVWNLLIYTHNQPEPDRYEKYLDDMLTQRNFVDVNYALITFNISDEHNGVVGGSKQIHRIKAPTLVIQGDRDYVVPQVVGEELAKHLPNAELKVLEDCGHSPFIDCLDVFIKHVEDWLEQK
PET,,,,Cutinase,MRGVWRYMPVYYYKCMLIPLLTFTKISIISKPQESRISLIICRTMPTVATFLGLAISGAAMASGAALGAYNVDPNSISVSGLSSGGFMSAQLGVAYSDTFKVGFGVFAGGPYDCARGQSYTTCMYNQNPSITTPVANMKSWSGNKINPVSNLQSRKIYMWTGTADTTVGPNVMSQLKTQLANFASAANVSYITTSGAAHTFPTDFDAAGDNSCSSSVSPYISNCQCDGAGAVLQWMYGPLNARNPGTLSGSIVSFSQTGEYGASGMDTTGYLYVPRACQPGSSTVCKLHVALHGCKQSYSMIGSKFVSNTGYNMWADTNDIIILYPQAVADNTMHTIWTGMPLPNPNGCWDWVGWYGANADQVGGVQMAAIVNQVARVVSGYGAGSSSSTTAATPTTTTGSITTTTTTTATVTTTAVAPLYGQCGGIGWTGPTACATGVCTAYSPYYAQCLLIV
PBAT_PBS_PBSA_PCL_PET_PHB_PLA_PHA,,,,Cutinase,MRIRRQAGTGARASMARAIGVMTTALAVLVGAVGGVAGAEVSTAQDNPYERGPDPTEDSIEAIRGPFSVATERVSSFASGFGGGTIYYPRETDEGTFGAVAVAPGFTASQGSMSWYGERVASQGFIVFTIDTNTRLDQPGQRGRQLLAALDYLVERSDRKVRERLDPNRLAVMGHSMGGGGSLEATVMRPSLKASIPLTPWNLDKTWGQVQVPTFIIGAELDTIASVRTHAKPFYESLPSSLPKAYMELDGATHFAPNIPNTTIAKYVISWLKRFVDEDTRYSQFLCPNPTDRAIEEYRSTCPY
PCL_PET,,,,Cutinase,MLPAGQDAAALEARQLGGSITRNDLANGNSGSCPGVIFIYARGSTESGNLGTLGPRVASKLEAKYGKNGVWIQGVGGAYRATLGDNALPRGTSSAAIREMLGHFSDANQKCPDAVLIAGGYSQGAALAAASVTDVDAGIREKIAGAVLFGYTKNLQNRGKIPSYPEDRTKVFCNTGDLVCTGSLIVAAPHLAYQSAASGAAPEFLIQKADAAGAAAAALEHHHHHH
PBAT,,,,Esterase,MAEPKAQGTQKVESSTTKKEVKDAEETIKIPTLEDIDNLIDSAEEVKSEEDINKMPPLKFPVEFPEVNTRSIIGGNNYPIVLVHGFMGFGRDELLGYKYWGGVVDLQEKLNASGHETYTATVGPVSSNWDRACELYAYIVGGTVDYGEAHAKKFKHNRYGRTYPGIYKNISNENKIHLIGHSMGGQTIRTLTQLLSEGSEEEINCGQENISPLFEGGKHWIHSVSTISTPNDGTTLSDLMPAKDLISYTFGVLGTITGKNKLFSSIYDLKLDQWGLKKQNGESQRDYIERVLDSNIWNSTKDIATYDLSTEGAQELNTWVKAQPDVYYFSWTTQATKESILTGHSVAQIGPMNPIFYPTANLMGRYSRNQKDLPIIDKKWFPNDGVVNCISQDGPKLGSNDVIEQYNGGVKIGQWNAMPR
PBAT,,,,Esterase,MAGNSDAMGVGNNYPIVMVHGCFGWGSNEGAGLYYWGGKESLTQKLTEKGYTVYSPSIGPVSSNWDRACELYTYIVGGTVDYGESHSKKYGHERYGRSYPGVYKQIGTKDSSGNVQKIHLIGHSMGGQTIRLLAQLLENGDPNELSFTTDGSINSLFTGGKSWVSSITSIATPHDGSQEAHIKCDIEPLTHQFVAAIAAIKGKNVNLDDLNYDFQLDQWGLKRKPGESRLAYNNRVIKSEIWKKTKDLSVWDLSPEGAREFNSYVKAQSDIDYFSIACVNTHEDKLTHFQVPNKKMNPVLVKSSIFMGMYTNNKSGEVPIDKSWWRNDGVVSVISAINPKVGSTDKIVDYSGTAVKGTWNYLGELDNTDHIEVCGMKYDRKGIEQMYFNVAEMLSKLPVEIINTDHMDIVGTFGNVKDWYMDYASFLSNLSR
PBAT,,,,Esterase,MAKQFLYDNLPVVETKAGKLRGYQWEGTYIFKGIRYARANRFQLPEEVEPWEGVKEAASYGFVCPMLTRDHPQGELLVPHRYWPQDEDCLSLNIWSQSLDRSAKKPVMFWIHGGAFSMGSSIEQKAYNGENMSRYGDVVVVTVNHRLNILGYLDLSPYGERYAGSANAGQADLVAALKWVRDNIEAFGGDPDNVTIFGQSGGGMKVSGLMQTPEADGLFHRAMIMSGVAGDVLPYSTGDSRPLIQAMLKELGLAEQEAGRLETVPYYDLAAAYNRVSPAIARAGGYIGCTPRPDDFYKGEGPAVGFTDHAKTIPVMVGTVFGEFAMMPLPFNKETISEAELDEILDKRFQGHGKELKTVFAEAYPGKSPVDLLTLDTIFRGPTKEFVRSLAAAGGSVYSYLFALEFPYQNQKTA
PBAT,,,,Lipase,MDSVMQTKEMVMKSNVNSYPIVLVHGFMGWGRNEVLGLKYWGGITDYEQELSSYGYTAYTATVGPVSSNWDRACELYAYIKGGTVDYGHAHSTQKGHSRYGRTYPGLYPEWGNLTTEGKVNKIHLVAHSMGGQTVRTLVQLLKEGSEEERNTTPSQLSSLFAGGKSWVHSITTIASPHDGTTLADGINIFGDFAKNLVASLASFTGAGEKLIYDFKLDQWGLNRKSGESLTDYTNRVFNSAIWNSTNDLANWDLSTDGARVLNQWVKAQSDIYYFSYSTCATVPSILTSNELPHVIYMTPLLYPFGRFIGSYTRNEQGRVIIDNSWKPNDGVVNTISQNGPKIWSSDKIVNYNGVPQIGKWNSMPLLDTIDHMDACGIGTNALTLSWYKGLAEKLSQLTISN
PU,,,,Polyurethanase_A,MGVFDYKNFTASDSKALFSDALAITLYSYHNIDNGFAEGYQHNGFGLGLPATLVTALIGSGNSQGVIPGIPWNPDSEKAALDALHQAGWSTISAQQLGYDGKVDGRGTFFGEKAGYGTAQVEILGKYDAQGHLESIGIAFRGTSGPRESVISDTIGDVINDLLAALGPKDYAKNYAGEAFGKLLGDVAAFAQANGLSGKDVLVSGHSLGGLGVNSLADLSSERWSGFYKDSNYIAYASPTQSASDKVLNIGYENDPVFRVLDGSTFKLSSLGVHDAHQDSATNNIVNFNDHYASTLWNVLPFSILNIPTWLSHLPTGYGDGLTRVLESKFYDFTSKDSTIVVANLSDPARASTWVQDLNRNAETHKGSTFIIGSDGNDLIQGGSGNDYLEGRAGNDTFRDSGGYNIILGGQGSNTLDLQQSVKNYSFASDGAGTLYLRDANGGISMTRDIGAIQSKEPGFLWGLFKDDVIHQVTDQGLKAGGQLTQYASSVRGDAGDNVLKAHAGGDWLFGLDGNDHLIGGQGNDVFVGGAGNDLMEAGGGNNTFLFTGHFGQDRILGYQGGDKLVFMGVSGVLPDQDYRAHASSSGNDTVLTFGQDSVTLVGVSLEHLNGSGIVLA
PU,,,,Polyurethanase_B,MSIFDYKTALGGDGKALYSEAITLALYASTPTGEALPGTAWRPISASQLGYQGNVSAQGTISGEQAIVSDAQVEVLGKYDASGQLLSIGISFRGTDSLKDGINDLQAAFVSGFADNYSRLAFDNLLGKVAAFAAAQGLSGSDVLVTGHSLGGLGVNSLAAMSSDHWGGFYQDASYVAFASPTQSANSSQVLNIGYENDPVFRALDGTHFNASSLGTHDKPQESATNNIVSFTDHYSSFLGKLIPQSILNPQSWSAHSAVDYAGGLNRLINSDFYDLTSRDSTVVISNLSEGKRDQVWVKDLNLYAEKHTGSTFIIGTQSNDLLHGGKGNDYLDGGAGDDRFRDDGGYNIIHGGQGHNVLELQQPLKNFSIANDGDGTLYIRDAYGGISMTRDVGALVSHETGSWWQLFGKDVSHSVTADGLQNGNQWTAYNHSLNGDAYGNALVASVDGDWLFGHGGDDLLSSDKANVTFVGGTGNDVMHSSGGGGNTFLFSGNFGFDLIHGYQNTDKLVFMGVPGVDAHYDYSQHLSQNGNDTLLSVGEFSVTLVGVGMDSLSGSGLVFA
PET_PEF,,,,PETase,MNFPRASRLMQAAVLGGLMAVSAAATAQTNPYARGPNPTAASLEASAGPFTVRSFTVSRPSGYGAGTVYYPTNAGGTVGAIAIVPGYTARQSSIKWWGPRLASHGFVVITIDTNSTLDQPSSRSSQQMAALRQVASLNGTSSSPIYGKVDTARMGVMGWSMGGGGSLISAANNPSLKAAAPQAPWDSSTNFSSVTVPTLIFACENDSIAPVNSSALPIYDSMSRNAKQFLEINGGSHSCANSGNSNQALIGKKGVAWMKRFMDNDTRYSTFACENPNSTRVSDFRTANCS
PET,,,,MHETase,MQTTVTTMLLASVALAACAGGGSTPLPLPQQQPPQQEPPPPPVPLASRAACEALKDGNGDMVWPNAATVVEVAAWRDAAPATASAAALPEHCEVSGAIAKRTGIDGYPYEIKFRLRMPAEWNGRFFMEGGSGTNGSLSAATGSIGGGQIASALSRNFATIATDGGHDNAVNDNPDALGTVAFGLDPQARLDMGYNSYDQVTQAGKAAVARFYGRAADKSYFIGCSEGGREGMMLSQRFPSHYDGIVAGAPGYQLPKAGISGAWTTQSLAPAAVGLDAQGVPLINKSFSDADLHLLSQAILGTCDALDGLADGIVDNYRACQAAFDPATAANPANGQALQCVGAKTADCLSPVQVTAIKRAMAGPVNSAGTPLYNRWAWDAGMSGLSGTTYNQGWRSWWLGSFNSSANNAQRVSGFSARSWLVDFATPPEPMPMTQVAARMMKFDFDIDPLKIWATSGQFTQSSMDWHGATSTDLAAFRDRGGKMILYHGMSDAAFSALDTADYYERLGAAMPGAAGFARLFLVPGMNHCSGGPGTDRFDMLTPLVAWVERGEAPDQISAWSGTPGYFGVAARTRPLCPYPQIARYKGSGDINTEANFACAAPP
PBAT,,,,Carboxylesterase,MASWQSKILNPVIRALVKRKLLKTHDAAGIRKAFGGVLPPPRGAQFSADVVGGMPGEWAKSGGAAAGTMLYLHGGGYVGGSTATHRPITAAFAIRGLDVFVPDYRLAPENAFPAAVDDGLAAYKGLLDAGIAPAKLTIAGDSAGGGLALAILLAAKAEGVTMPACAILLSPWTDLAVTGETVRTNLDRDPMLTDSVLKDNAAFYLNGADPKNPLASPLYGDLAGLPPLMITAGDTEVLLEDSTRFAARAREHGVAVSLKIWEGMPHVWQLFQRVLPEARAAIEEAARFAKAHFST
PBAT,,,,Carboxylesterase,MGKQDLVRAVLENAVASGAVAGAVAAVTTASGTVLEVAAGQQSAEVPAPMAVDSVFWVASMTKALTTVAAMQLVEDGRLTLNDPIETILPDLANPMVLEGFADDGSPITRPARKKITLGQLLTHTAGFSYDFASADLARYLAVTGTPSAATGLKAGLRQPLLFEPGERWEYSIGIDWAGQAVEAVSGRRLDDYFAAYVTGPLGMKDTVFQPGKARDSRRAAMHQRTEDGGLKVVPFDPRPAPEFLSGGGGLYSTAPDYLAFMRMILNQGGDILAPETVEAMGRNQIGKLRAGRIGSANPAVIAPSDFYPGMDAKWGLGFLLNPAPGPFGRSAGSLTWAGLPNCYYWIDPAKGIAAVILMQLLPSGDPGALKTYAGFEAAVYASL
PBAT,,,,Polyesterase,MGTLLVVGDSISAAFGLDSRQGWVALLEKRLSEEGFEHSVVNASISGDTSAGGAARLSALLAEHKPELVIIELGGNDGLRGQPPAQLQQNLASMVEQSQQAGAKVLLLGMKLPPNYGVRYTTAFAQVFTDLAEQKQVSLVPFFLEGVGGVPGMMQADGIHPAEAAQEILLDNVWPTLKPML
PBAT,,,,Carboxylesterase,MKKVIVFLVFMLFCTATYAQKVSKVVFFGDSLTDNGNLFRLVELIPKTPPYYQGRFSNGPTWAENLGEYFVKTNGAKYEIYAYAGATAAAHNIFETLAPTLLVDQVARYLETNPSDDKSKVLFVFWIGANDYLFLPTGNADELTTAAIQKTANGITTLLDQGAQNFLILDLPDLSKTPFAADLNMVSQMGSFTILHNQKLASLVDKMQKEHPQAQLMLFQLLQFSELIENPAKYNAKYHLNLSNTRAACWQGSVFDDIDTDNLANKTNKAISNPQPEVKEPILCEHPEQYVFFDHLHPTATVHQLLAALVEEAMNNRWS
PBAT,,,,Carboxylesterase,MNEAMIRGVLEEAVASGGIAGAVVTVTDANATLFQLAVGRQSVAAPDPMRADSVFWIASMTKAITTVAALQLVEQGKLTLDEPIGDVLPELAEPVVLKGFGADGAPVVEPAQAKLTLKHLLTHTSGFSYEFANGDLARYLERTGHPSAATGLKAGLRQPLMFEPGARWEYGIGIDWAGQAVEAASGMTLDAYFAAYVTGPLGMTDTLFLPRADQAARRVAMHQRQPDGSLTAVPFEPRPAPEYLAGGAGLYSTAPDYAAFLRMILNKGMGLLKPETVAAMGTNQIGALRAGKIGSVNPGLTAEADFYPGMDSKWGLGFLINPEKGSFGRSADSLTWAGLPNCYYWIDREKGIGAVILMQSLPSGDMGALKAAAGFEYALYASL
PBAT,,,,Carboxylesterase,MRTVDGRIGMVERRTRLVSLLAAAALAVSLSGCSATTVLNTLEPRWDVAATRDVAYAPGPRHDVDVYAPKKIGPHTPVVVFIYGGGWDSGEKSKYAFVGSALASHGYLVFIPNYRIYPEAHYPDFLQDCALAVRWAKDHAAQYGGDPGELFLMGHSAGAYNAAMLATDPQWLGAVGMDPHRDLKGMVGLAGPYDFLPLQSDELKAIFGAVGQEPASQPINHVDGREPPMFLAHDLGDTVVYPKNTINMAAKIQAAGGEVETKYYKGLSHALMIGVFAAPLRFLGPVFRDSTQFIDAHASSSASKP
PBAT,,,,Carboxylesterase,MTTRPESLGLSAERLKRLDAHFDAKYVQTGKLPFAMTLVSRKGEVAHHGFSGLMDEARGKKVEADSLFRIYSMTKPLTSVLFMMLVEEGKVALDDPVHSLIPSWKNLGVYAGGWDMMASKPCARPMQMVDLLRHTSGLTYGFQQRTNVDAAYRKHNIGVFERQISLDATIEALAALPLEFSPGEAWNYSVSTDILGYLIGKIEGRPFEEVLKARLTGPLGMDDTDFQVKASERGRFAACSAINAKGERVLNDDPEKSSYLQPPVLVSGGGGLVSTAGDYLKFCQMMLNGGEANGTRFLSPKTIALMTSNHLPGGVDLPQLSKSLFSEVAYDGVGFGLGFSVTMDPAKTLLPGTAGEYAWGGAASTAFWIDPKEELIVIFMTQLIPSSFYPIRRELRTLAYSAITESFV
PMCL,,,,Cutinase,LGRTTRDDLINGNSASCRDVIFIYARGSTETGNLGTLGPSIASNLESAFGKDGVWIQGVGGAYRATLGDNALPRGTSSAAIREMLGLFQQANTKCPDATLIAGGYSQGAALAAASIEDLDSAIRDKIAGTVLFGYTKNLQNRGRIPNYPADRTKVFCNTGDLVCTGSLIVAAPHLAYGPDARGPAPEFLIEKVRAVRGSA
PVA,,,,PVA_dehydrogenase,MAALQQRTIDLLRTHQDTVVAQWSDQLAGSGQGQDGRLSTRELDAQVREFWRLFQTAVSTNGTGVAGSEWQDTRQFLEQLSRDRVLKGFSSSETASFLFSLKRPLFELVQQNFADDPKAVGDQLWAISELIDGLGLHSVKVYQKTREDVIQRQQEEMLELSTPVVKLWEGVLALPMIGTLDSQRTQVVMESLLQRIVDTGSEIAIIDITGVPTVDTLVAQHLLKTVTAIRLMGADAIISGVRPQIAQTIVHLGLDLQGIVTKANLADALALALKRTGQTVTKAAR
PU,,,,Polyurethanase,MGIFDYKNLGTEGSKTLFADAMAITLYAYHNLDNGYAVGYQHNGLGLGLPATLVQALLGSTDSQGVIPGIPWNPDSEKAALDAVQQAGWTPISASSLGYTGKVDARGTFFGEKPGYTTAQVEVLGKYDDAGKLLEIGIGFRGTSGPREHLISDSIGDVISDLLAAFGPKDYAKNYVGEAFGGLLKNVAEFAGAHGLSGQDVLVSGHSLGGLAVNSMADLSDSKWSGFYKDANYVAYASPTQSGGDKVLNVGYENDPVFRALDGASFNLSSLGVHDKPHESTTDNIVSFNDHYASSLWNVLPFSILNLPTWVSHLPTGYGDGMTRILDSGFYEQMTRDSTVIVANLSDPARANTWVQDLNRNAEAHKGDTFIIGSHGDDLIQGGKGADFIEGGKGNDTIRDSSGHNTFLFSGHFGNDRVVGYQATDKLVFTDVQGSADYRDHAKLVGGDTVISFGADSVTLVG
PCL_PET,,,,PET-hydrolase,MMNVLTKCKLALGIIAIFFSLPSFAVPCSDCSNGFERGQVPRVDQLESSRGPYSVKTINVSRLARGFGGGTIHYSTESGGQQGIIAVVPGYVSLEGSIKWWGPRLASWGFTVITIDTNTIYDQPDSRASQLSAAIDYVIDKGNDRSSPIYGLVDPNRVGVIGWSMGGGGSLKLATDRKIDAVIPQAPWYLGLSRFSSITSPTMIIACQADVVAPVSVHASRFYNQIPGTTPKAYFEIALGSHFCANTGYPSEDILGRNGVAWMKRFIDKDERYTQFLCGQNFDSSLRVSEYRDNCSYY
PCL_PET,,,,PETase,MNKSILKKLSFGTSVLLVSMNALSWTPSPTPNPDPIPDPTPCQDDCDFTRGPNPTPSSLEASTGPYSVATRSVASSVSGFGGGTLHYPTNTTGTMGAIAVVPGFLLQESSIDFWGPKLASHGFVVITISANSGFDQPASRATQLGRALDYVINQSNGSNSPISGMVDTTRLGVVGWSMGGGGALQLASGDRLSAAIPIAPWNQGGNRFDQIETPTLVIACENDVVASVNSHASPFYNRIPSTTDKAYLEINGGSHFCANDGGSIGGLLGKYGVSWMKRFIDNDLRYDAFLCGPDHAANRSVSEYRDTCNY
PCL_PET,,,,PETase,MPITARNTLASLLLASSALLLSGTAFAANPPGGDPDPGCQTDCNYQRGPDPTDAYLEAASGPYTVSTIRVSSLVPGFGGGTIHYPTNAGGGKMAGIVVIPGYLSFESSIEWWGPRLASHGFVVMTIDTNTIYDQPSQRRDQIEAALQYLVNQSNSSSSPISGMVDSSRLAAVGWSMGGGGTLQLAADGGIKAAIALAPWNSSINDFNRIQVPTLIFACQLDAIAPVALHASPFYNRIPNTTPKAFFEMTGGDHWCANGGNIYSALLGKYGVSWMKLHLDQDTRYAPFLCGPNHAAQTLISEYRGNCPY
PCL_PET,,,,PETase,MPPDCVLPRRLAAAALLASATLVPLSAAAQTNPYQRGPDPTTRDLEDSRGPFRYASTNVRSPSGYGAGTIYYPTDVSGSVGAVAVVPGYLARQSSIRWWGPRLASHGFVVITLDTRSTSDQPASRSAQQMAALRQVVALSETRSSPIYGKVDPNRLAVMGWSMGGGGTLISARDNPSLKAAVPFAPWHNTANFSGVQVPTLVIACENDTVAPISRHASSFYNSFSSSLAKAYLEINNGSHTCANTGNSNQALIGKYGVAWIKRFVDNDTRYSPFLCGAPHQADLRSSRLSEYRESCPY
PHB_PHA,,,,PHB_depolymerase,MSQETFFAQQEDCFSSFHNYVQHIGKLQKLQSDNLQDGIRRRQEKSLQKLTACATRQIGPGDWLDYLSDFNQRTLLFWDTLRRRADGTLEHRRAGYPALLKFNYELLLDGRDLPAPVNYSLLHILPGPSQTTDPSLPPVIVIDPRGGHGAGIGGFKEDSEIGESLRAGHPTYFISFSHSSEPGQTLSDIALAEARFIELVSERHAHAGKPVLIGNCQAGWALMGLAALRPELPGLLIVVGAPLSYWAGVNGRNPMRYAGGLLGGAWMTRLGSDLGNGRFDGTWLVNNFENLDPAHALWGKYYDLFSSVDSEAQRFLDFERWWGSPNLFNSEEIETIVDELFIGNRLTGGQNTLTDLRKIEAPVVVFCSYGDNITPPQQALNWIADLYPSDLALHSSGRTIIYLKHASAGHLGIFVSGQVARREHRQLIGAIDAIKALPPGLFELIIDEVPHPDGGAQSYQVHFESRRIADILAEDDGHDDEREFELVDRVSAISSTFYDWTVRPWLSRAINEPVAEQLREHHPFHLQRQLWSSLNPATWWLSGTAELARRRRNPVRPDNPLLAWQEFFSDSVENTLDTWRDLRDASQELAFHTLYGWFSTLAGGQRTSAAEKFASERERTLLERLYAALPQGGAREAAIRILLLLARASGRLDKAMLEGIVKDYRRRAYADPHIPDVATLREITRQQNLLVFAYPEESLQTLPELLPDTSVRQRILAEVLNIEPGWQRSDGPLGALWRQLFEVLELPTAEFALLRLESPATAEQPAEVDAAATPESTPPTAEPKIRPAAETAAVPAKRQEVLIEPVPTAVPEPTETAAAPKAAAPEPIAAPAEPAGQAPAETSPAEAAPKPHIRVRANTVISEPLETLPSAEAAPADSGKPPAKAAATKRTTAQRTVKPRRPRKPGGTQPSDNT
PCL,,,,Hydrolase,MFQRVWALTAALMLMLSLGATSSHAAQNPHERGPDPSNSYIEQARGSYSVSQRSISRLGSDGFRDGTMYYPTSTADGRFGVVAISPGYTASESTIAWLGPRLASFGFVVVTINTDSRYDQPRQRATQLHAALDHAIGDSVVGPRIDTSRQAVMGHSMGGGGALQAAEERDEIRAAVPLTPWNLKKGWSGVDAATLVIGAENDAIAPVRSHSIPFYESLTNAERRAYLELRREGHFAPNSSNTLIAKYSVSWLKRYVDNDLRYDQFIDPGPRTGITTGVSDYRLG
PBS_PBSA_PCL,,,,Esterase,MQFKSTFAALVLAAAGLVQAAPLQERAGCSSYVIINTRGTSEPQGPSVGFRTMNTRIRSAVSGGSEYDTVYPAGIDQNSAQGTANIVAQVKAGLARNPNTCFLLEGYSQGAAATCNALPQLTGAAFDAVKGVILIGNPEHKPNLACNVDGNGGKTTFSARGISAAFTQGVPSNWVSKTLDICIYGDGVCDVSSGFGITPQHLTYGYNTNVQTMGANFGIKALQG
LDPE,,,,Alkane_monooxygenase,YGHFYTEHNRGHHVRVATPEDPASSRLGESFWAFLPRSVWFSAVSAWNLERERLRKLGLPALHWKNAVLGAWMYSVVLWGAMIAWLGAAVIPFLIIQGIYGFSLLEVVNYVEHYGLKRQKLPNGRY
PET_PU,,,,Polyester_hydrolase,MPFNKKSVLALCGAGALLFSMSALANNPAPTDPGDSGGGSAYQRGPDPSVSFLEADRGQYSVRSSRVSSLVSGFGGGTIYYPTGTTGTMGAVVVIPGFVSAESSIDWWGPKLASYGFVVMTIDTNTGFDQPPSRARQINNALDYLVSQNSRSSSPVRGMIDTNRLGVIGWSMGGGGTLRVASEGRIKAAIPLAPWDTTSYYASRSQAPTLIFACESDVIAPVLQHASPFYNSLPSSIDKAFVEINGGSHYCGNGGSIYNDVLSRFGVSWMKLHLDEDSRYKQFLCGPNHTSDSQISDYRGNCPY
PET,,,,Cutinase,ANPYERGPNPTDALLEARSGPFSVSEENVSRLSASGFGGGTIYYPRENNTYGAVAISPGYTGTEASIAWLGERIASHGFVVITIDTITTLDQPDSRAEQLNAALNHMINRASSTVRSRIDSSRLAVMGHSMGGGGSLRLASQRPDLKAAIPLTPWHLNKNWSSVTVPTLIIGADLDTIAPVATHAKPFYNSLPSSISKAYLELDGATHFAPNIPNKIIGKYSVAWLKRFVDNDTRYTQFLCPGPRDGLFGEVEEYRSTCPF
PET,,,,Cutinase,MANPYERGPNPTDALLEASSGPFSVSEENVSRLSASGFGGGTIYYPRENNTYGAVAISPGYTGTEASIAWLGGRIASHGFVVITIDTITTLDQPDSRAEQLNAALNHMINRASSTVRSRIDSSRLAVMGHSMGGGGTPRLASQRPDLKAAIPLTPWHLNKNRSSVTVPTLIIGADLDTIAPVATHAKPFYNSLPSSISKAYLELDGATHFAPNIPNKIIGKYSVAWLKRFVDNDTRYTQFLCPGPRDGLFGEVEEYCSTCPF
PET,,,,Serine_hydrolase,MANPYERGPNPTNSSIEALRGPFRVDEERVSRLQARGFGGGTIYYPTDNNTFGAVAISPGYTGTQSSISWLGERLASHGFVVMTIDTNTTLDQPDSRASQLDAALDYMVEDSSYSVRNRIDSSRLAAMGHSMGGGGTLRLAERRPDLQAAIPLTPWHTDKTWGSVRVPTLIIGAENDTIASVRSHSEPFYNSLPGSLDKAYLELDGASHFAPNLSNTTIAKYSISWLKRFVDDDTRYTQFLCPGPSTGWGSDVEEYRSTCPF
PET,,,,Triacylglycerol_lipase,MSLRKSFGLLSATAALVAGLVAAPPAQAAANPYQRGPDPTESLLRAARGPFAVSEQSVSRLSVSGFGGGRIYYPTTTSQGTFGAIAISPGFTASWSSLAWLGPRLASHGFVVIGIETNTRLDQPDSRGRQLLAALDYLTQRSSVRNRVDASRLAVAGHSMGGGGTLEAAKSRTSLKAAIPIAPWNLDKTWPEVRTPTLIIGGELDSIAPVATHSIPFYNSLTNAREKAYLELNNASHFFPQFSNDTMAKFMISWMKRFIDDDTRYDQFLCPPPRAIGDISDYRDTCPHT
PS,,,,Alkane-1_monooxygenase,MTLDLFSPEPQANLLPFDGQVQDLGLILTAKQSAKYLDYFLAHLAWQPDEVVLYGKRYVTERKVVWYGDAEYEYHYSGSAKQARLWNPALFRLKQHIEQLVGHPFNSCLANLYENGSQAVGWHSDDEPSLRSPQQENVVIASLSFGATRKFCFKHKFKQEKVGLMLHSGQLIVMRGQTQRYWKHALMKSSKITEPRLNLTFRYFYPAPQS
PES_PCL_PET,,,,Cutinase,MVRVFGLTLLALLVPALAAPVPEDLEARQSGCADVMVVYARGTDQDSPIGDPASVGVLFRDNIKSLLGSRTFSFQGVNYAANVIGFLQGGDPAGSRQMTTDLTNVANSCPNAKIVSAGYSQGGQLVHNSAAQLTAAVRNRINAVVIFGDPKSDQAVTGIPSSNVKIICHDGDNICEGGFIVTSQHTNYQQDAPAAAQFVLSKV
NR,,,,Latex-clearing-protein,MDGFSRRRMLMTGGALGAVGALGAATRALARPLWTWSPSASVAGTGVGVDPEYVWDEEADPVLAAVIDRGEVPAVNALLKQWTRNDQALPGGLPGDLREFMEHARRMPSWADKAALDRGAQFSKTKGIYVGALYGLGSGLMSTAIPRESRAVYYSKGGADMKDRIAKTARLGYDIGDLDAYLPHGSMIVTAVKTRMVHAAVRHLLPQSPAWSQTSGGQKIPISQADIMVTWHSLATFVMRKMKQWGVRVNTADAEAYLHVWQVSAHMLGVSDEYIPATWDAANAQSKQVLDPILAHTPEGEALTEVLLGIVAELDAGLTRPLIGAFSRYTLGGEVGDMIGLAKQPVLERLIATAWPLLVAFREGLIPLPAVPAVLWTLEEALRKFVLLFLSEGRRIAIDIPDVNRPS
NR,,,,Rubber-oxygenase,MIARRLGLRRAWAALALTPILFIGQGAGGQALPLLDQASIRSPLMVGCNGKPDSTPLPVDPRSLVKQGVNSNPNAALQFNAYFVDLHNPPPPFVNRLPPRPTTCGQFRASATRGRVNLEERQFFQPMALATSYHFIFLQWGYLIRPPDFEEQVSKRYGLYPAPFRNPYPLPGEDPNQTNGGSGQLPLGLIQGKDDNGRWTGLIGASCSACHDSRLGTASEASFKWGLPNSANDAGLLASDMFRTTPITALGNLLPLPWSTGRGSSDAIGLISLLPALFDMETLTLAPSLLEYVADAPHAGMTKAPAWWARAFKTRQFWDGSLSSDNVHSEMAFGVANIFRDANARRGLEDEFEDINNFLISLSPATYPKTINTALAEQGAVIYHERDLWASGANGAIPKPAGNGSCASCHGVYSPRHAADPNYLPDPRLKGVAAVVTPIETIRTDPRRMRLMADERQRRAWNSGWWAYNNLSPSWTGYPSDNIVASELRRVPRAIYNNGGPIYSPLGPNIWEEPTGYIAPPLYGAWATAPYFHNGSVPNLWGVLKPSDRPKLWKRPYTAAGIGGKNAGYDYSFASYDWQKLGWKYTAVACNNSIFTSPFLPCTHNMATIDILYSMWDNVAAQYLNLAYQSPPPITDQQIKSRMVYNSYLYGNDNGGHDFTQSLTDSERWALIEYIKTL
NR,,,,Rubber-oxygenase,MSSKQHRARAKVQRASIFVVLGLVAGHSSSTDAATDLIKSSRGGSQLWDYCEGKGDATLLPADPRSLVQPGIGTGRAVAFNAFWKDCHTDPAAVQEAGHPKTCGELRQRFYRGDGLLDTGSRTVAALFTGDNPTTIESVFGAATLTAAQYNSLWVSWGGFLLRPDNFDELVAERYGSVFGAGRNPYPKPLEDPNRTNGGTGRLPEMFTQLRNPDGSWSGRIGITCHACHSGAANGAHTPGSGSSLQDLHLLLRDAVPLGYLPSLASLANLTRTRGTNNASDINLAFLFPDQGLISISTALGVLASGSTASMDTPAWWNMGHRPVKFVDGVFPMDAPRVDMVFYTPAFGLFGSLGGPLSEAGQNWMRAHGPDANTWIESLKAPAYPGTIDTALAEQGAVLFHTLNLWASNRNNPVPKPSAGNGSCASCHGAYAPRYVNDPAFLASPALEGMAAYITPQRIIQTDPVRQQTNNEAVQIAGASNFFGYPSTAGTANDCGPQNRADLRGNRELGYLAPPLYGIWATAPYMHNGSVPNIWEVLKPSDRTPLWKRKSKTPRWDQTGRAIMGYDTSMQAYDTAKLGWKYDAIQCRRPSLLDPLPSPYLRCDPNDDLLLSWYDALLTNLYGNVILAWNVLFPPTITNTDIENRKIYNSYMFGQGNGGHTFNAVLTDNERKAIIEYLKTL
NR,,,,Rubber-oxygenase,MSSQHPWAPARRLSMVLLLGLSAGLAASAQAATDLIQSSRGGSPLWDYCEGKPAATVLPADPRSLVQPGISTGKAVAFNAYWKDCHTDPAAVQEAGHPKTCGDLRDRFYRGGGLLETGSPTVAALFTGDNTRTLESVFGASTLTATQYNALWTTWGGFVVRPDNFDQLVAERYGSVFGTGRNPYPKPFEDPNRTNGGTGRLPEMFTQLRNPDGTWSGRIGVTCHACHSGAANGVPAPGGGSSLQDLHLFLRDALPLGYLASLASIANLTRTRGTNNASDINLAFVFPDQGLLPLDTFLGVLASGSTASMDTPAWWNMGHRPVKFVDGVFPMDAPRVDMVFYTPLLGLFGSVGGPLSEAGQTWMRAHGPDANTWIESLKSPPYPGTIDTALAEQGAVLFHTLNLWATSRNNPVPKPNEGNGSCASCHGAYAPRYVNDPAFLATPALEGMASYITPQRIIQTDIVRQKTNNEAVQVAGASNFFGYPTTKGTVNDCGPQNRADLRGNRELGYLAPPLYGVWATAPYLHNGSVPNVWEVLKPSDRKPLWRRVSNPPRWDQVGRTIMGYDTRMSAYDTQKMGWKYDTLQCRKPTLFDPIPSPYWRCDPKDEQLQAWYNELVRGLYSNVALTWNVLFPPTITNSDIEDRKIYNTYMFGQGNGGHTFNSVLTDAERKALIEYLKTL
PCL_PET,,,,Cutinase,MINRTLPNSLLSMLAAGALLLSTSVMATNPPVDEPTDPGDSYARGPDPTVAFLEASSGPYSTRTSRVSGLVSGFGGGTIHYPTGTTGTMAAIVVIPGFVSAESSIDWWGPKLASHGFVVMTIDTNTGFDQPPSRARQINNALDYLVDQNSRRTSPVNGMIDTDRLGVIGWSMGGGGTLRVASQGRIKAAIPLAPWDTTNARSVQAPTLIFACQADIIAPVGVHASPFYNQLPNDIEKAYVEISGGSHYCANGGGLNNDVLSRLGVSWMKRFLDNDTRYSQFLCGPNHTSDRRVSEYRGNCPY
PET,,,,Lipase,MKNTLIPKSLSTLFAASALMLSATVMAANPAPPQDPVEPGGFARGPDPSVSFLEADRGPYSVNTSRVSGLVSGFGGGTIHYPSGTTGTMAAIVVIPGYVSAESSIEWWGPKLASHGFVVMTIDTNTSFDQPPSRARQINSALDYLIDQNTATRSAVRGMIDTNRLGVVGWSMGGGGTLRVATEGRISAAIPLAPWDTSSLQFRNVQAPTLIFACESDIIAPVGSHASPFYNRLPGDLNKAFVEIDGGNHYCANGAASFGRYDSVLSRMGVSWMKLHLDQDERYKQFLCGPNHTADNRISEYRGNCPY
PET,,,,Cutinase,APLPDTPGAPFPAVANFDRSGPYTVSSQSEGPSCRIYRPRDLGQGGVRHPVILWGNGTGAGPSTYAGLLSHWASHGFVVAAAETSNAGTGREMLACLDYLVRENDTPYGTYSGKLNTGRVGTSGHSQGGGGSIMAGQDTRVRTTAPIQPYTLGLGHDSASQRRQQGPMFLMSGGGDTIAFPYLNAQPVYRRANVPVFWGERRYVSHFEPVGSGGAYRGPSTAWFRFQLMDDQDARATFYGAQCSLCTSLLWSVERRGL
PET,,,,Cutinase,QLGAIENGLESGSANACPDAILIFARGSTEPGNMGITVGPALANGLESHIRNIWIQGVGGPYDAALATNFLPRGTSQANIDEGKRLFALANQKCPNTPVVAGGYSQGAALIAAAVSELSGAVKEQVKGVALFGYTQNLQNRGGIPNYPRERTKVFCNVGDAVCTGTLIITPAHLSYTIEARGEAARFLRDRIRA
PET,,,,Cutinase,MKFFALTTLLAATASALPTSNPAQELEARQLGRTTRDDLINGNSASCADVIFIYARGSTETGNLGTLGPSIASNLESAFGKDGVWIQGVGGAYAATLGDNALPRGTSSAAIREMLGLFQQANTKCPDATLIAGGYSQGAALAAASIEDLDSAIRDKIAGTVLFGYTKNLQNRGRIPNYPADRTKVFCNTGDLVCTGSLIVAAPHLAYGPDARGPAPEFLIEKVRAVRGSA
PET,,,,Lipase,MKLLSLTGVAGVLATCVAATPLVKRLPSGSDPAFSQPKSVLDAGLTCQGASPSSVSKPILLVPGTGTTGPQSFDSNWIPLSTQLGYTPCWISPPPFMLNDTQVNTEYMVNAITALYAGSGNNKLPVLTWSQGGLVAQWGLTFFPSIRSKVDRLMAFAPDYKGTVLAGPLDALAVSAPSVWQQTTGSALTTALRNAGGLTQIVPTTNLYSATDEIVQPQVSNSPLDSSYLFNGKNVQAQAVCGPLFVIDHAGSLTSQFSYVVGRSALRSTTGQARSADYGITDCNPLPANDLTPEQKVAAAALLAPAAAAIVAGPKQNCEPDLMPYARPFAVGKRTCSGIVTP
PET,,,,PETase,MQVVLGRVRSAGLLAALLALAAWALVWASPSAEAQSNPYQRGPNPTRSALTTDGPFSVATYSVSRLSVSGFGGGVIYYPTGTTLTFGGIAMSPGYTADASSLAWLGRRLASHGFVVIVINTNSRLDFPDSRASQLSAALNYLRTSSPSAVRARLDANRLAVAGHSMGGGATLRISEQIPTLKAGVPLTPWHTDKTFNTPVPQLIVGAEADTVAPVSQHAIPFYQNLPSTTPKVYVELDNATHFAPNSPNAAISVYTISWMKLWVDNDTRYRQFLCNVNDPALSDFRSNNRHCQ
PET,,,,Hydrolase,MAVMTPRRERSSLLSRALQVTAAAATALVTAVSLAAPAHAANPYERGPNPTDALLEASSGPFSVSEENVSRLSASGFGGGTIYYPRENNTYGAVAISPGYTGTEASIAWLGERIASHGFVVITIDTITTLDQPDSRAEQLNAALNHMINRASSTVRSRIDSSRLAVMGHSMGGGGTLRLASQRPDLKAAIPLTPWHLNKNWSSVTVPTLIIGADLDTIAPVATHAKPFYNSLPSSISKAYLELDGATHFAPNIPNKIIGKYSVAWLKRFVDNDTRYTQFLCPGPRDGLFGEVEEYRSTCPF
PET,,,,Hydrolase,MAVMTPRRERSSLLSRALRFTAAAATALVTAVSLAAPAHAANPYERGPNPTDALLEARSGPFSVSEERASRFGADGFGGGTIYYPRENNTYGAVAISPGYTGTQASVAWLGKRIASHGFVVITIDTNTTLDQPDSRARQLNAALDYMINDASSAVRSRIDSSRLAVMGHSMGGGGSLRLASQRPDLKAAIPLTPWHLNKNWSSVRVPTLIIGADLDTIAPVLTHARPFYNSLPTSISKAYLELDGATHFAPNIPNKIIGKYSVAWLKRFVDNDTRYTQFLCPGPRDGLFGEVEEYRSTCPF
PET,,,,Cutinase,MPPHAARPGPAQNRRGRAMAVITPRRERSSLLSRALRFTAAAATALVTAVSLAAPAHAANPYERGPNPTDALLEARSGPFSVSEERASRFGADGFGGGTIYYPRENNTYGAVAISPGYTGTQASVAWLGERIASHGFVVITIDTNTTLDQPDSRARQLNAALDYMINDASSAVRSRIDSSRLAVMGHSMGGGGTLRLASQRPDLKAAIPLTPWHLNKNWSSVRVPTLIIGADLDTIAPVLTHARPFYNSLPTSISKAYLELDGATHFAPNIPNKIIGKYSVAWLKRFVDNDTRYTQFLCPGPRDGLFGEVEEYRSTCPF
PET_PLA,,,,Cutinase,MANPYERGPNPTDALLEASSGPFSVSEENVSRLSASGFGGGTIYYPRENNTYGAVAISPGYTGTEASIAWLGERIASHGFVVITIDTITTLDQPDSRAEQLNAALNHMINRASSTVRSRIDSSRLAVMGHSMGGGGTLRLASQRPDLKAAIPLTPWHLNKNWSSVTVPTLIIGADLDTIAPVATHAKPFYNSLPSSISKAYLELDGATHFAPNIPNKIIGKYSVAWLKRFVDNDTRYTQFLCPGPRDGLFGEVEEYRSTCPF
PET_PLA,,,,Cutinase,MANPYERGPNPTDALLEARSGPFSVSEERASRFGADGFGGGTIYYPRENNTYGAVAISPGYTGTQASVAWLGERIASHGFVVITIDTNTTLDQPDSRARQLNAALDYMINDASSAVRSRIDSSRLAVMGHSMGGGGTLRLASQRPDLKAAIPLTPWHLNKNWSSVRVPTLIIGADLDTIAPVLTHARPFYNSLPTSISKAYLELDGATHFAPNIPNKIIGKYSVAWLKRFVDNDTRYTQFLCPGPRDGLFGEVEEYRSTCPF
PET,,,,nitrobenzylesterase,MTHQIVTTQYGKVKGTTENGVHKWKGIPYAKPPVGQWRFKAPEPPEVWEDVLDATAYGPICPQPSDLLSLSYTELPRQSEDCLYVNVFAPDTPSQNLPVMVWIHGGAFYLGAGSEPLYDGSKLAAQGEVIVVTLNYRLGPFGFLHLSSFNEAYSDNLGLLDQAAALKWVRENISAFGGDPDNVTVFGESAGGMSIAALLAMPAAKGLFQKAIMESGASRTMTKEQAASTSAAFLQVLGINEGQLDKLHTVSAEDSLKAADQLRIAEKENIFQLFFQPALDPKTLPEEPEKAIAEGAASGIPLLIGTTRDEGYLFFTPDSDVHSQETLDAALEYLLGKPLAEKAADLYPRSLESQIHMMTDLLFWRPAVAYASAQSHYAPVWMYRFDWHPKKPPYNKAFHALELPFVFGNLDGLERMAKAEITDEVKQLSHTIQSAWITFAKTGNPSTEAVNWPAYHEETRETLILDSEITIENDPESEKRQKLFPSKGE
PET_PCL,,,,Hydrolase,MKRTLKRALSLLPAAALAASALVAASPAQAAANPYQRGPNPTEASITAARGPFNTAEITVSRLSVSGFGGGKIYYPTTTSEGTFGAIAISPGFTAYWSSLEWLGHRLASQGFVVIGIETNTTLDQPDQRGQQLLAALDYLTQRSAVRDRVDASRLAVAGHSMGGGGSLEAAKARTSLKAAIPLAPWNLDKTWPEVRTPTLIIGGELDAVAPVATHSIPFYNSLSNAPEKAYLELDNASHFFPNITNTQMAKYMIAWMKRFIDDDTRYTQFLCPPPSTGLLSDFSDARFTCPM
PET,,,,Hydrolase,ANPYERGPDPTESSIEAVRGPFAVAQTTVSRLQADGFGGGTIYYPTDTSQGTFGAVAISPGFTAGQESIAWLGPRIASQGFVVITIDTITRLDQPDSRGRQLQAALDHLRTNSVVRNRIDPNRMAVMGHSMGGGGALSAAANNTSLEAAIPLQGWHTRKNWSSVRTPTLVVGAQLDTIAPVSSHSEAFYNSLPSDLDKAYMELRGASHLVSNTPDTTTAKYSIAWLKRFVDDDLRYEQFLCPAPDDFAISEYRSTCPF
PET_PCL,,,,Polyester_hydrolase,MANPYERGPDPTESSIEAVRGPFAVAQTTVSRLQADGFGGGTIYYPTDTSQGTFGAVAISPGFTAGQESIAWLGPRIASQGFVVITIDTITRLDQPDSRGRQLQAALDHLRTNSVVRNRIDPNRMAVMGHSMGGGGALSAAANNTSLEAAIPLQGWHTRKNWSSVRTPTLVVGAQLDTIAPVSSHSEAFYNSLPSDLDKAYMELRGASHLVSNTPDTTTAKYSIAWLKRFVDDDLRYEQFLCPAPDDFAISEYRSTCPFLEHHHHHH
PET,,,,Polyester_hydrolase,MANPYERGPDPTVQSIEAVRGPFSVSETNVSRLVVTGFGGGTIYYPRDTSQGTFGAVAIAPGFTASEGSMAWYGPRIASQGFVVFTIDTLTRLDQPDSRGRQLLAALDYLTQRSSVRSRIDSSRLAVMGHSMGGGGSLEASESRPSLKASIPLTPWNLKKNWRNNRVPTLIVGAENDSIASVRTHAEPFYESIPSTTNKAYLELNNATHFAPNISNTTIAKYSISWLKRFVDNDTRYEQFLCPPPRPDRDIEEYRCTCPY
PET,,,,Polyester_hydrolase,MANPYERGPAPTTSSIEASRGPFAIASVTVSRSSVSGFGGGTIYYPRDTSEGTFGAVAIAPGFTADEGSMAWYGPRIASQGFVVFTIDTITRLDQPDSRGRQLLAALDYLTQRSSVRSRIDSSRLAVMGHSMGGGGSLEASVSRPSLKAAIPLTPWNLKKNWRDVRVPTLIVGAESDSIASVRTHAEPFYESIPSTTNKAYLELNNATHFAPNISNTTIAKYSISWLKRFVDNDTRYEQFLCPPPRPDRDIEEYRSTCPH
PET,,,,Polyester_hydrolase,MENPYERGPDPTESSIEAVRGPFAVAQTTVSRLQADGFGGGTIYYPTDTSQGTFGAVAISPGFTAGQESIAWLGPRIASQGFVVITIDTITRLDQPDSRGRQLQAALDHLRTNSVVRNRIDPNRMAVMGHSMGGGGALSAAANNTSLEAAIPLQGWHTRKNWSSVRTPTLVVGAQLDTIAPVSSHSEAFYNSLPSDLDKAYMELRGASHFVSNTPDTTTAKYSIAWLKRFVDNDLRYEQFLCPAPDDFAISEYRATCPF
PET,,,,Polyester_hydrolase,MENPYERGPDPTTQSVEAARGPYAVSQITVGGQFGSYSGGTIYYPTSTADGKFGAVAIAPGFLSFQSSVAWLGPRIASQGFVVMTIDTGTIFDQPAQRGDQLLDALDFLTQRSSVKDRIDPNRLAVAGWSWGGGGSLEAAADRPSLKAAIPMAGWNLNTNWSRLTTPVLVVGVQNDLIAPVAMHSEPFYNSIRSEKAYLELAGGSHFTVTSANTPQAKLMISWLKRFVDNDTRYEQFICPGPSRGFSVSEYRSTCPY
PET,,,,Polyester_hydrolase,MDNPYERGPDPTTQSVEAARGPYAVSQITVGGQFGSYSGGTIYYPTSTADGKFGAVAIAPGFLSFQSSVAWLGPRLASQGFVVMTIDTGTIFDQPAQRGDQLLDALDFLTQRSSVKDRIDPNRLAVAGWSMGGGGSLEAAADRPSLKAAIPMAGWNLNTNWSRLTTPVLVVGVQNDLIAPVGSHSEPFYNSIRSEKAYLELAGGSHFTVTSANTPQAKLMISWLKRFVDNDTRYEQFICPGPSRGFSVSEYRSTCPF
PET,,,,Polyester_hydrolase,MDNPYERGPDPTTQSVEAARGPYAVSQITVGGQFGSYSGGTIYYPTSTTDGKFGAVAIAPGFLSFQSSVAWLGPRIASQGFVVMTIDTGTIFDQPAQRGDQLLDALDFLTQRSSVKDRIDPNRLAVAGWSMGGGGSLEAAADRPSLKAAIPMAGWNLNTNWSRLTTPVLVVGVQNDLIAPVAMHSEPFYNSIRSEKAYLELAGGSHFTVTSANTPQAKLMISWLKRFVDNDTRYEQFICPGPSRGFSVSEYRSTCPF
PET_PU_PCL,,,,Esterase,MKKIYAVALFFLATSFAPNIIFAQCGDVTIESLTNPGPYEVATLTEADGLRNGPDYQGATVYYPTNATPPFASIAIVPGFTALPSSVEEWGPFYASHGIVTIIIGTNSLFDFPEERAVALIDALETMRQENTRSSSPLENQLDVDKFAVSGWSMGGGGAQRAAVLDNTIKGVVALCPWLPNASLNHDSPVLIFSGENDPTAPPAQHADLHYAATPNTTNKLLFEIENGNHSVANTPNGGNGAVGKIALSWLKLYVDENDCYCPLLTESLLVDPPAASKVLSSFECELLSVPDNSFAISVYPNPTHDFVNINSTNPVHFEVYSALGQRLLSGELTQSEKQIDFSNFAKGLYYVRLGNETVKIVRN
PET_PU_PCL,,,,Esterase,MRKLYLFLFLTLISPISISIFHAQCTGATVESLTNPGPYTVATLSEADGVRNGPKYAGSTIYYPTNATPPYASIAIVPGFTAAPSSVQEWGPFYASHGIVAIIIGTNSLYDQPEARALALLDALETIKQENGRATSPLIGKLDVTKLAVSGWSMGGGGAQRAAVLDNTISAVVALCPYLTSPQLNHTVPVLIFSGQSDPTAPPSQHANVHYNTTPGTTNKLLFEVKNGNHSVANSPTGGGGAVGKLALSWLKIYLEKNDCYCSVLATAIVNSTTVSSKISQSYQCNNALGVVDSKTRFNLYPNPTKDFVQVNVREMASYQLSSSTGQIVLKGIVTSSKNQIDLSKLPAGVYYLQINGETIKVIKKQ
PU_PCL,,,,Esterase,MKIIYPLAVLFLITSLAPNTIFAQCEDVTIESLTNPGPYEVATLTEDDGIRNGPDYLDATVYYPTNATPPYASIAIVPGFTAQPSSVEEWGPFYASHGIVTIIIGTNSPFEFPDLRATALLDALETLRQENERQNSPLENQLDVDKFAVSGWSMGGGGAQLAAQMDSSIKAVLALCPWYPQATFNHNSPVLIFSGQDDTVAPPGIHADVHYNVTPDTTNKLLFEVANGSHSVANTPTGGDGVVGKIALSWLKLYLDDNDCYCPLLTDSLLVDPPAASKVEASFECEPIIGIAENNIDISIFPNPTDNFITVSIPTIASYKVYSALGQLLLSGEIDQSNKQIDFSQFAKGMYYVRVENETIRIIRK
PU_PCL,,,,Esterase,MKKLYAVALFFLAISFPPNIIFAQCGDVTLESLTNPGPYEVATLTEADGLRNGPDYAGATVYYPTNATPPFASIAIVPGFTALPSSVEEWGPFYASHGIVTIIIGTNSLFDFPEQRATALLDALETMRQENTRSTSPLENQLDVDKFAVSGWSMGGGGAQRAAVLDNTIKGVVALCPWLPNASLNHDSPVLIFSGENDPTAPPAQHADLHYAATPNTTNKLLFEVENGNHSVANTPNGGNGAVGKIALSWLKLYLDDNDCYCPLLTDELLVNPPAASKVLSSFECELVLGVAENTVDISLYPNPTQDFVYINVSKVTYYEVYSALGQRLLSGKLTQGEKQIDFSNFAQGLYYVGVGNETMKVIRE
PLA,,,,Protease,MGLAIAAAAVFSLPGVATATEPTGGVQPNIVGGGNATQVYSFMVSQQSSSGGHQCGGSLISSTWVVTAKHCGTPYQVRVGTTNRTSGGTVARVAQRIAHPSADLALLRLSTAVPQAPVTIADASGAVGTATRIIGWGQTCAPQGGCGAPITLQELNTSIVSDSRCLGISGASEICTNNPNGNSGACYGDSGGPQIKQVNGVWQLIGATSRAGNNSSTCATGPSIYVDVPYFRSWIRTNTGV
PLA,,,,Protease,YDVRGGDAYYINNSPRCSIGFSVNGGFLTAGHCGPGTVTGSNRVAMGSFARASFPGNDYGHVRVNSNWVPRGIINNGTRVSGSSEASTGASICKSGSTTGWTCGTVGAKNQTVRYAEGTVYGMTATNARSQAGDSGGSFIAGNQAQGMLSGGNSTVTYFFPVRPALSATGTSLVLG
PLA_PHBV_PCL_PBSA_PES_PHA,,,,Hydrolase,MQSGTVASNGIELFYESRGPENGEPMVFVMGLSAQMVFWPDTLLDALAAKGYRVIRFDNRDVGKSTQIRKPIKQGPVSAILRRIIGLPVESPYTLHDMVADTVGLLDALNIERAHFVGASMGGMISQLMAGTHPERVLSLTSIMSSNNSSLLPPPKPSALRVLIAPRVKVETEEQFVTFGLEMMSKLAGTLPQGKEELAAMYRAAWARGINPRGIRNQFLAITATGSLSKTLKQIQCPTTVIHGGADPLIRPAGGKASARAIRGAKLVIIPGMGHDFPPSVIDRIGELIAETAGRANSVVPPAVG
PLA_PCL_PBSA,,,,Hydrolase,MSDLVWSRDGLDWPHREASRFIEAGGFRWHVQRMGSPAAPAILLIHGTGAASHSWRGLAPLLSRHYHVVAPDLPGHGFTQTPRGHRMSLPGMASDLAALLRVLQVAPQLVVGHSAGAAILARMCLDGSIDPKILFSLNGAFLPYGGPAASFFSPLAKMLVMNPFVPSLFAWQAGHRGAVERLIGNTGSTIDPAGIKLYGKLVSSPNHVAAALRMMANWDLEPLLKALPNLKPLLVLVAAEGDRAIPPSVAVKVREILPKAVIERIPALGHLAHEERPALIAALIERYAEKLENIE
PCL_PET,,,,Cutinase,MDGVLWRVRTAALMAALLALAAWALVWASPSVEAQSNPYQRGPNPTRSALTADGPFSVATYTVSRLSVSGFGGGVIYYPTGTSLTFGGIAMSPGYTADASSLAWLGRRLASHGFVVLVINTNSRFDYPDSRASQLSAALNYLRTSSPSAVRARLDANRLAVAGHSMGGGGTLRIAEQNPSLKAAVPLTPWHTDKTFNTSVPVLIVGAEADTVAPVSQHAIPFYQNLPSTTPKVYVELDNASHFAPNSNNAAISVYTISWMKLWVDNDTRYRQFLCNVNDPALSDFRTNNRHCQ
PBS_PBSA,,,,Cutinase,MHLRNIVIALAATAVASPVDLQDRQLTGGDELRDGPCKPITFIFARASTEPGLLGISTGPAVCNRLKLARSGDVACQGVGPRYTADLPSNALPEGTSQAAIAEAQGLFEQAVSKCPDTQIVAGGYSQGTAVMNGAIKRLSADVQDKIKGVVLFGYTRNAQERGQIANFPKDKVKVYCAVGDLVCLGTLIVAPPHFSYLSDTGDASDFLLSQLG
PCL,,,,Cutinase,SPVDLQDRQLTGGDELRDGPCKPITFIFARASTEPGLLGISTGPAVCNRLKLARSGDVACQGVGPRYTADLPSNALPEGTSQAAIAEAQGLFEQAVSKCPDTQIVAGGYSQGTAVMNGAIKRLSADVQDKIKGVVLFGYTRNAQERGQIANFPKDKVKVYCAVGDLVCLGTLIVAPPHFSYLSDTGDASDFLLSQLG
PHB_PHA,,,,PHB_depolymerase,MFDSVKIAWLVALGAAQVAATALPAFNVNPNSVSVSGLSSGGYMAAQLGVAYSDVFNVGFGVFAGGPYDCARNQYYTSCMYNGYPSITTPTANMKSWSGNQIASVANLGQRKIYMWTGSSDTTVGPNVMNQLKAQLGNFDNSANVSYVTTTGAVHTFPTDFNGAGDNSCSLSTSPYISNCNYDGAGAALKWIYGSLNARNTGTLSGSVLSFAQSGSYGANGMDTTGYLYVPQSCASGATVCSLHVALHGCLQSYSSIGSRFIQNTGYNKWADTNNMIILYPQAIPDYTIHAIWNGGVLSNPNGCWDWVGWYGSNADQIGGVQMAAIVGQVKQIVSGFQG
PU,,,,Protease,MAITLYSYHNLDNGFAVGYQNNGLGLGLPATLVSALIGGSNAQGVIPGIPWNPDSEKPALEAVQAAGWTPISASTLGYTARSMHAAPTLAKNSATARRRPRCWASTMTLATAGNRHQFPRHFRASGKCDHRLHRRCDQRPARRLRAQGLCQELRGGGFWRVAQRLADTPLPGLGGNDVVVSGHSLGGMAVNSMADLSDSTWSGFYKDANYLAYASPTQSAGDKVLNVGYENDPVFRALDGSSFNLSSLGVHDKAHESSTDNIVSLNDHYASSLWNVLPFSILNLPTWVSHLPTGYGDGMTRILDSGFYEQMTRDSTVIVANLSDPARATTWVQDLNRNAEAHKGNTFIIGSDGDDFIKGGRGADFIEGGKGNDTIRDSSGHNTFLFSGQFGNDRVIGYQATDKLVFNDVAGSTDYRDHVKVVGGDTVIGFGTDSVTLVGVSSLSGEGIVIS
Nylon,,,,Nylon_hydrolase,MNTTPVHALTDIDGGIAVDPAPRLAGPPVFGGPGNDAFDLAPVRSTGREMLRFDFPGVSIGAAHYEEGPTGATVIHIPAGARTAVDARGGAVGLSGGYDFNHAICLAGGASYGLEAGAGVSGALLERLEYRTGFAEAQLVSSAVIYDFSARSTAVYPDKALGRAALEFAVPGEFPQGRAGAGMSASAGKVDWDRTEITGQGAAFRRLGDVRILAVVVPNPVGVIMDRAGTVVRGNYDAQTGVRRHPVFDYQEAFAEQVPPVTEAGNTTISAIVTNVRMSPVELNQFAKQVHSSMHRGIQPFHTDMDGDTLFAVTTDEIDLPTTPGSSRGRLSVNATALGAIASEVMWDAVLEAGK
PLA,,,,Protease,MRLSVLLSLLPLALGAPAVEQRSEAAPLIEARGEMVANKYIVKFKEGSALSALDAAMEKISGKPDHVYKNVFSGFAATLDENMVRVLRAHPDVEYIEQDAVVTINAAQTNAPWGLARISSTSPGTSTYYYDESAGQGSCVYVIDTGIEASHPEFEGRAQMVKTYYYSSRDGNGHGTHCAGTVGSRTYGVAKKTQLFGVKVLDDNGSGQYSTIIAGMDFVASDKNNRNCPKGVVASLSLGGGYSSSVNSAAARLQSSGVMVAVAAGNNNADARNYSPASEPSVCTVGASDRYDRRSSFSNYGSVLDIFGPGTSILSTWIGGSTRSISGTSMATPHVAGLAAYLMTLGKTTAASACRYIADTANKGDLSNIPFGTVNLLAYNNYQA
PHB_PHA,,,,PHB_depolymerase,MISKLMGAQRFLPAVAATVTSLVWGLAGTLVAPGEAQALTCGTNSGFVCKGTQTQYAGGFAPGVGYGGFGGGSCTATKTPVIFIHGNGDNAISFDMPPGNVSGYGTPARSVYAELKARGYNDCEIFGVTYLSSSEQGSAQYNYHSSTKYAIIKTFIDKVKAYTGKSQVDIVAHSMGVSMSLATLQYYNNWTSVRKFINLAGGIRGLYSCYYTGYANAAAPTCGSQNYYNSYTFGFFPEGWYYGVWVSNPWTGSGSTNSMRDMPAKRTAVSFYTLSAGFKDQVGCATASFWAGCDSAAKFASTTSNVKAQINVGAGSNATQADYDWADGMPYNAGGGDTTNGVGHFRTKTNTGAIIQRMLLTTCTGLDCAAEYTTGPKAAY
PHB_PHA,,,,PHB_depolymerase,MLKREEMVSSIPATPWRWAFTALAAAALAACGSGEHEPSNDLPKGFTELGATVYPATATGTGATAATQDLLTGGLGKTGLGAAAAPLYADPANPTAAELRRNALYSNYRGILDPTAGGGYGTLYGPNITANGQVTAGEGLIPGREYLAVLDDGTGRKQTMVAVQVPDSFDRNRPCIVLGPSSGSRGVYGAIGTAGEWGLKKGCAVALTDAGKGVGLHNLSDDTVNKLDGTRATRTDAGSLSFFAARLTDAARAAYNAAFPNRIAIKHAHSQQNPEKDWGNDTLAAARYALYVLNARYGTTQDPVPFGKDNTLVLAGSASNGGAAVLRAAELDADGLIDGVVASEPVTEMPTRQGYTIAVGNATMPNPGRTLAEYTTYGNIYQPCAALAPDAALTETSIFNYIGLTAMTARAEARCTSLAAKGLVIGATTADRAANALSKLRLYGWTRDHDRMHNAHYALGNGPILSAMYTMAYGRFGVDANLCRTSFAAANATGDVVPATGAALAQSFATANGTANGTPATVVYNDSVGGAKAWQFAVSPSTRVADLGLDNALCQHALVTGFDPVTGFNLSESSVPTRAQSDAVRAGIAEVLHTAKLRGKPTIIVAGRSDALVPVNHNARAYTVLNRGLDGSNTRLRYIEVVNAQHFDAFLPFSGFDTRFVPLHPYFNQAMDAVWANLRSSTALPASQVVRTTPRGGQPGAAPAITAAQVPPFVARPSTANTIEVSDGLIRIPE
Nylon,,,,Hydrolase,MSKVDLWQDATAQAELVRSGEISRTELLEATIAHVQAVNPEINAVIIPLFEKARRESELASGPFAGVPYLLKDLTVVSQGDINTSSIKGMKESGYRADHDAYFVQRMRAAGFVLLGKVNTPEMGTQVTTEPEAWGATRNPWNLGRSVGGSSGGSGAAVAAALSPVAHGNDAAGSVRIPASVCGVVGLKPTRGRISPGPLVTDSDNVAGAAHEGLFARSVRDIAALLDVVSGHRPGDTFCAPTASRPYAQGISENPGSLRVGVLTHNPVGDFALDPECAAAARGAAAALAALGHDVNDAYPEALGDRSFLKDYLTICDVAIAREIERNGELIGRPLTEDDVEWTSWEMVKRADQVTGRAFAACVDELRYYAGKVERWWEAGWDLLILPTVTRQTPEIGELMLAKGTDLEGRHTALISGSLRMLAFTVPFNVSGQPAISLPIGMSSDGMPIGVQIVAAYGREDLLLQVAAQLEGALPWVARRPQLLNPSRKIPAA
PLA,,,,Protease,AQSVPWGISRVQAPAAHNRGLTGSGVKVAVLDTGISTHPDLNIRGGASFVPGEPSTQDGNGHGTHVAGTIAALNNSIGVLGVAPSAELYAVKVLGASGSGSVSSIAQGLEWAGNNGMHVANLSLGSPSPSATLEQAVNSATSRGVLVVAASGNSGAGSISYPARYANAMAVGATDQNNNRASFSQYGAGLDIVAPGVNVQSTYPGSTYASLNGTSMATPHVAGAAALVKQKNPSWSNVQIRNHLKNTATSLGSTNLYGSGLVNAEAATR
PLA,,,,Protease,AQSVPWGISRVQAPAAHNRGLTGSGVKVAVLDTGISTHPDLNIRGGASFVPGEPSTQDGNGHGTHVAGTIAALNNSIGVLGVAPSAELYAVKVLGADGRGAISSIAQGLEWAGNNGMHVANLSLGSPSPSATLEQAVNSATSRGVLVVAASGNSGASSISYPARYANAMAVGATDQNNNRASFSQYGAGLDIVAPGVNVQSTYPGSTYASLNGTSMATPHVAGAAALVKQKNPSWSNVQIRNHLKNTATSLGSTNLYGSGLVNAEAATR
PLA,,,,Protease,MMRKKSFWLGMLTAFMLVFTMAFSDSASAAQPAKNVEKDYIVGFKSGVKTASVKKDIIKESGGKVDKQFRIINAAKAKLDKEALKEVKNDPDVAYVEEDHVAHALAQTVPYGIPLIKADKVQAQGFKGANVKVAVLDTGIQASHPDLNVVGGASFVAGEAYNTDGNGHGTHVAGTVAALDNTTGVLGVAPSVSLYAVKVLNSSGSGSYSGIVSGIEWATTNGMDVINMSLGGASGSTAMKQAVDNAYAKGVVVVAAAGNSGSSGNTNTIGYPAKYDSVIAVGAVDSNSNRASFSSVGAELEVMAPGAGVYSTYPTNTYATLNGTSMASPHVAGAAALILSKHPNLSASQVRNRLSSTATYLGSSFYYGKGLINVEAAAQ
PLA_PCL_PBSA,,,,Esterase,MQLKHLFLFIVCSFFLSGCEDITNWAYEKGLAMEKNRAGLKDQILTTADGITWHILTSETSAEPIAEKEAVLLIHGFSADSSNWVRFANELEGDFFFIVPDLPGHGETTRNLDLTYTMSAQATRLLTLMDALQIQHFHVAGNSMGGAISLALAQQAPQRVLSIGLIDSAGLTRQTEGFKTILADSNSNPLIPHTAEQFQATLQWAMEEPPYLPSFVVDIMGKKKAANAAVAEKVWRDLLEDPGMMLEDKNVLPSIQIPTLVLWGREDRLLGVDNVGAFLEELPQSRAIVLDGIGHVPMAEAPGKSADAFRAFWREVRP
PLA_PCL_PBSA,,,,Esterase,MELNSMQFLLGLIGLLLLIVTSLRRWLLRRESPQKQAVDFHGELYQVGSAVIARSRADAPAGSVIVMHGFVENFLYFTEHYADPDIQLIMLTSADYHLPVNQPRFTKADWIKIPGQRPGTIAYDAAVLNQALEHLATGTQIRVHGHSRGGAVTLEAARQRPDLFARVEVILEAPVLPQGKPYKAVSPLARWFAPFYLFAWQQQPISPANAKVFGPLDNPRKRELIMALPFNPRYGRTFVNNIKDLADWMDSTGTDIYQHVKFGAILVPSHDLILNASAMLQSAQQAESLQIIEVEGCSHLITADRPDSIPPLPG
PLA_PBSA,,,,Esterase,MTAIIRQGRYQGLSSKGVTEYRGIPFAKAPLGEWRFKAPQPLPDSEDCVNADRYPLASLQPRNPIMGIQESGEDCLYLNIWAPEGEGPFPVMVWFHGGGYMAGSTSQALYNGAELARSQKVVVVNAAYRLGAMGFADFSAVAPELDADTNLGLRDQLAALQWVQENIAAFAGDDKQVTIFGESAGGFSVCSLLACPQADELFQAAIVQSGGADFVLAPDQVRKVTNAFVAALPGDGSAAEKLLSADNKGWIKAQNAAVKVLVDRGLRTTTPQFAMNFLPMVDGDVLPQLPVDAIAAGAAANKRVMAGVCRDEFNFFQYAGVLAGTTTMDALREISDEEIVSRFERALPGNGRRAFDYYQTAVEPDARRSRLDWLAAMESDRLFRVPTVRLLDAQSQHAQCWGFQFTWPSEPFGVPLGACHVVDVPFVFGVTDTPAGMYFTGGTSEARALSHQVQAAWGTFARGDAPGWNAWQSDRQVCQLGPGETMASLLDESGEQLWRDIIPVV
PLA,,,,Esterase,MNAKTPFTTPEDVGLSSTRLARLPAHFGEYVKRGKLAGVSTLVSRAGKIAHFETVGERDRENGLAMEKDTIFRIYSMSKPITSVALMMLYEEGRFQLSHEVARYIPSFANLKVWDGGTSDEYKTKPCERPMTIRDLLTHTSGLTYGFMHAHPVDKIYRKRGIDGAATANGMNLEVFCDALSEIPLLFSPGTQWSYSVATDVCGRLVEILSGQSLDVFFQSRIFDPLGMVDTGFVVPKDKLTRFAANYEKDPRTREVRLFDTSDETSTYASAKPFLSGGGGLVSTMVDYWRFCQMFLNGGELEGVRLLSRKTVDYMTLNHLPGGKTMPEMDQSAFSETGSEGTGFGLGFSVIIDEADAQAVTSAGNHSWGGAASTYFWIDPEEDLIGILMTQLMPSRAYPLRPQMQQLVYGAIED
PLA,,,,Esterase,MSNVQGYFDPRFERVRELFAEQQQDEQARGAALCVTVGGDTVLDLWQGVTDKENQQVWEQDTLVNVFSCTKPLGAVALLQQVAAGRIELDAPLAEVWPEFAQAGKQDITLRQVLSHRSGLSAIAKALPPEALFDWSTMSAALAEQAPWWEPGTAHGYAPVTYAWLLGEPLSRLTNESPGNYIQQHICAPLGMDFHVGVPDKDLARIAHVSRLRNQSGDEGARKLFAAMGEPEGLTAKAFGNPVSMMTSTNKREWQQAEILSANGTGNARSLARFWQLLAHGGELDGVKLLDSELVSLMQQEHSQGQDRTLLCPTRFGLGVMLEQDAPGGGFGMGPQAFGHPGAGGSLGFCDPEAKVGFGYVTNTMGPYVLMDPRALALSQAVHDCLRELD
PET_PCL_PU_PHB_PBS_PLA_PHA,,,,Polyester_hydrolase,MFIMIKKSELAKAIIVTGALVFSIPTLAEVTLSETTVSSIKSEATVSSTKKALPATPSDCIADSKITAVALSDTRDNGPFSIRTKRISRQSAKGFGGGTIHYPTNASGCGLLGAIAVVPGYVSYENSIKWWGPRLASWGFVVITINTNSIYDDPDSRAAQLNAALDNMIADDTVGSMIDPKRLGAIGWSMGGGGALKLATERSTVRAIMPLAPYHDKSYGEVKTPTLVIACEDDRIAETKKYANAFYKNAIGPKMKVEVNNGSHFCPSYRFNEILLSKPGIAWMQRYINNDTRFDKFLCANENYSKSPRISAYDYKDCP
PHA_PHB,,,,PHA_depolymerase,MLYQLHEFQRSILHPLTAWAQATAKTFTNPLSPLSLVPGAPRLAAGYELLYRLGKEYEKPAFDIKSVRSNGRDIPIVEQTVLEKPFCKLVRFKRYADDPETIKLLKDEPVVLVAAPLSGHHATLLRDTVRTLLQDHKVYVTDWIDARMVPVEEGAFHLSDYIYYIQEFIRHIGAENLHVISVCQPTVPVLAAISLMASAGEKTPRTMTMMGGPIDARKSPTAVNSLATNKSFEWFENNVIYTVPANYPGHGRRVYPGFLQHAGFVAMNPDRHLSSHYDFYLSLVEGDADDAEAHVRFYDEYNAVLDMAAEYYLDTIREVFQEFRLANGTWAIDGNPVRPQDIKSTALMTVEGELDDISGAGQTAAAHDLCAGIPKIRKQHLNAAHCGHYGIFSGRRWREEIYPQLRDFIRKYHQASATR
PHA_PHB,,,,PHA_depolymerase,MLYHAYQIYADMILPACTLAELAAATLAANPRSGGFDAVPRLRAACELIALVRLTHHRPAFGIDHATVGGQPVPVTEEVVARTPFCSLLHFRRHGIVGQPRVLLVAPMSGHFATLLRGTVQTMLADHDVYLTDWHNPRDIPLLAGRFGFDEFVQHLIGFLQTLGGGTHLVAICQPAVAALAAAALMAEDGDPAQPPSLTLMAGPIDARVNPTKVNALAMSQPLEWFERTLIGMVPLRFAGAMRRVYPGHVQLLAFMSMNPERHEQALRELYALRERGEHDKADAIRDFYIEYFATMDLTAEFYLETVSLVFQRFLLAQGLLDVSGRRVRTRAIHRTALLTVEGERDDICAIGQTVAAQDLCSSLRPYMRMHHVQTGVGHYGVFNGRRWETQVYPLVRNTIYTSS
PHA_PHB,,,,PHA_depolymerase,MLYQLVEYQRALLAPFTAWAASAANAFIDPASPFAYVPGASCFAAGYEMLYRLGRTCEKPSFGIITAIRRDGHVIAVAEQVIVEGPFCRLLRFAPDMGALDPCTAPTPPVLVCAPLAGHHAVMLREVVQALLPEHVVYVTDWNDARRVPVAEGPFHLDDQVAHLQAFIRRIGAEPLHVLAICQATVPALAAVSLLASAGEPTPRSLILVGGPVDARRSPTALGRLAARHSLAWFQRNLIYAVPQPYPGAGRKVCPSFLQLAGLAAAQPERLGEAYWDYCLDLVRCDPVRAKEHRRACDAYHAVLDMAAEFYLDTIQLVFQEFQLARGSWQVRGEAVRPQDIRTTALLTIEGEQDEISGRGQTQAAHDLCQGIAACDKRHLTARQCGHYDLFCGPRWCTDVYPRIRDLTGHDT
PHA_PHB,,,,PHA_depolymerase,MLRDVVQSLLQEHIVYVTDWSNGAIALLASRDEATPTSLTLIGGPIDARRSPTAIGRLASSRSIQWFRRNLVYPVPHPYAGAGRQVCPSFVQLSGLAAAQSSPLWGLCEGYWANLARGDAERANVHWQALLDYSAVLDMAAEFYLDTVRTVFQEFQIAFGTWRVRGQLVRPQDIRSTALLTIEGELDDISGRGQTHAAHDLCRGLSAHDRRLVTIAGCTHYDLFRGPVWHTEVFPWICDMTRDDM
PHA_PHB,,,,PHA_depolymerase,MALYALRELTLQSLGPLGAMIEAGYRAVNFWGESVAWLPGLREADAALELFTRLTKAYGKPSFEIDEVFVRGQRVAVTETALIEEPFCRLLHFRKDMSNPGPRVLLVAPLSGHYATLLRPTVEALLPGHDVYITDWADARLVPLDAGHFDLGCYVDYLKKFLRYLGAGTHIVAVCQPGVPVLCAVAQMAEDNEQVQPRSMTLIAAPIDTRVSPTAVDQFAQQYSLAWFEANVIERVPAGYPGNGRRVYPGFLQLAGFVSMNVAHHAGAHLDFYRHLVDGRQSEAARHRKFYDEYNAVLDVPAEYYLETIQKVFLEHHLCRGRMEVGQRRVYPEAIANVSLLTIEGSEDDITGRGQTEAAHALCAGLAADRKEHLVVDGVGHYGTFAGQRFRESILPAMTQFIQRCAD
PHA_PHB,,,,PHA_depolymerase,MPRSSGAKLWSTLNKAAARNARRLQRAVNQNLTRPMTEAIVRNAVKQSAAVTAATQRALSGVVSPVQAPQNRGSGRWEEGAWGAPVAPRRYRIFVPAGVTASRRAPMLVLLHGCGQDAASFAAVTRAAAVAREAGWVVLLPEQTSQANAQRCWNWFRPGAQGGVEAGLLMALIDQACRGHPVAADRISVLGLSAGGAMALMLGLRYPGRFAAVGSHSGAVPWSASNAAQAARAMRGGHGPDAKAMQALRFGLAGRRPPPLLLLHGDADHVVDFSNATAAAGMWMHLQPEDAHALSAAPARRIQRGMRRAMDVFDWAEGKSPYVRLVRIEGLGHAWSGGAGGQAFSDPAGPDGLKLALRFFLEVGG
PHA_PHB,,,,PHA_depolymerase,MHSTQIPPQQKQKRRLRLTVLAAAASMLAAACVSGDDNNNGNGSNPNTKPANIGTVTINSYNGTTDDLLTAGLGKDGLASATAPLPANPTAPTAAELRRYAIHTNYRAIVDTTASGGYGSLYGPNVDAQGNVTGSDGKVAGVEYLAFSDDGSGQQNVTMLVQIPASFNTSKPCMITATSSGSRGVYGAIATGEWGLKRGCAVAYTDKGTGAAPHDLDTDTVPLIDGTRATRAAAGKNAQFAAPAGATSLADFTAANPHRLAFKHAHSQRNPEKDWGKFTLQAVEFAIWAINDRFGAVSANGTRQRTLDKDRIVVIASSVSNGGGAAVAAAEQDAGGLIDGVAVGEPNLNMPPNTGIVVQRGATPVAASGRTLYDYTTTANLLQHCAARATALTQAPFYTNPATATFFANRCQTLAEKGLVSGANTDEQSASALQALHDAGWEAESDDLHPSLAVFDVAAAISVNYANAYAQASVTDRLCGYSFASTLTDLKPAAIAPAALASMFATGNGVPPQPPVQLINDLDPQHGPYLNLASVSPSTLREDLNYDGANCLRSLLAGSDAAARALQAGQALTLRNGNLRGKPAVIVHGRSDGLLPVNHTSRPYLGLNRQQEGVTSKLSYVEVENAQHFDAFIGLVPGYSNRYVPLHVYLNRALDAVYDNLTAGKALPPSQVLRTTPRGGTLNTPAPALLPSNVPPFAASPAAGNAITVNANAVQVPD
PHA_PHB,,,,PHA_depolymerase,MSASPRLGFVQCISPAGLHRMAYHEWGDPANPRVLVCAHGLTRTGRDFDTVASALCGDYRVVCPDVAGRGRSEWLADANGYVVPQYVSDMVTLIARLNVEKVDWFGTSMGGLIGMGLAGLPKSPVRKLLLNDVGPKLAPSAVERIGAYLGLPVRFKTFEEGLAYLQTISASFGRHTPEQWRELNAAILKPVQGTDGLEWGLHYDPQLAVPFRKSTPEAIAAGEAALWRSFEAIEGPVLVVRGAQSDLLLRETVAEMVARGKHVSSVEVPDVGHAPTFVDPAQIAIAPQFFTGA
PHB_PHA,,,,PHB_depolymerase,MTKSFAADWHAQIRRLSRAQARTEAQVKSWLDRVDSLNPLTPARPDRPPGKVRPARPAPAPGSLPGTWQAHRLRLAPLPGELVPQLSYHLYIPSKAHRGPLPVVVVLHGCRQTPDDLSAGTRMNALAEREGFIVAYPQQPLRRQVQRCWQWFDLGAAEGGREAQAVAALIDALAARHDVREREIYLAGMSAGAAMAAVVALRYPGKVAAAALHSGVVIGAADNPRAGLRAMQQGSAADPSWLLDAAGVTPGGPEMPALVIHGLADDAVHPVNGRLLARQFLAYNGLEDRLAGAPAQSGPEDEAPGRSHEYRFGRWRRDLVTLVEVEGLGHAWSGGDASYGYHSDIGPDASTMMWQFFSQHRR
Nylon,,,,Hydrolase,MSKVDLWQDATAQAELVRSGEISRTELLEATIAHVQAVNPEINAVIIPLFEKARRESELASGPFAGVPYLLKDLTVVSQGDINTSSIKGMKESGYRADHDAYFVQRMRAAGFVLLGKTNTPEMGNQVTTEPEAWGATRNPWNLGRSVGGSSGGSGAAVAAALSPVAHGNDAAGSVRIPASVCGVVGLKPTRGRISPGPLVTDSDNVAGAAHEGLFARSVRDIAALLDVVSGHRPGDTFCAPTASRPYAQGISENPGSLRVGVLTHNPVGDFALDPECAAAARGAAAALAALGHDVNDAYPEALGDRSFLKDYSTICDVAIAREIERNGELIGRPLTEDDVEWTSWEMVKRADQVTGRAFAACVDELRYYAGKVERWWEAGWDLLILPTVTRQTPEIGELMLAKGTDLEGRQSAFISGSLQMLAFTVPFNVSGQPAISLPIGMSSDGMPIGVQIVAAYGREDLLLQVAAQLEGALPWVARRPQLLNPSRKIPAA
Nylon,,,,Hydrolase,MNARSTGQHPARYPGAAAGEPTLDSWQEAPHNRWAFARLGELLPTAAVSRRDPATPAEPVVRLDALATRLPDLEQRLEETCTDAFLVLRGSEVLAEYYRAGFAPDDRHLLMSVSKSLCGTVVGALIDEGRIDPAQPVTEYVPELAGSVYDGPSVLQVLDMQISIDYNEDYVDPASEVQTHDRSAGWRTRRDGDPADTYEFLTTLRGDGGTGEFQYCSANTDVLAWIVERVTGLRYVEALSTYLWAKLDADRDATITVDQTGFGFANGGVSCTARDLARVGRMMLDGGVAPGGRVVSQGWVESVLAGGSREAMTDEGFTSAFPEGSYTRQWWCTGNERGNVSGIGIHGQNLWLDPRTDSVIVKLSSWPDPDTRHWHGLQSGILLDVSRALDAV
Nylon,,,,Hydrolase,MNTTPVHALTDIDGGIAVDPAPRLAGPPVFGGPGNDAFDLAPVRSTGREMLRFDFPGVSIGAAHYEEGPTGATVIHIPAGARTAVDARGGAVGLSGGYDFNHAICLAGGAGYGLEAGAGVSDALLERLEHRTGFAELQLVSSAVIYDFSARSTAVYPDKALGRAALEFAVPGEFPQGRAGAGMSASAGKVDWDRTEITGQGAAFRRLGDVRILAVVVPNPVGVIVDRAGTVVRGNYDAQTGVRRHPVFDYQEAFAEQVPPVTEAGNTTISAIVTNVRMSPVELNQFAKQVHSSMHRGIQPFHTDMDGDTLFAVTTDEIDLPTTPGSSRGRLSVNATALGAIASEVMWDAVLEAGK
Nylon,,,,Nylon_hydrolase,MNTTPVHALTDIDGGIAVDPAPRLAGPPVFGGPGNAAFDLVPVRSTGRETLRFDFPGVSVGSAHYEEGPTGATVIHIPAGARTAVDARGGAVGLSGGYDFNHAICLAGGASYGLEAGAGVSGALLERLEYRTGFAEAQLVSSAVIYDFSARSTAVYPDKALGRAALEFAVPGEFPQGRAGAGMSASAGKVDWDRTEITGQGAAFRRLGDVRILAVVVPNPVGVIMDRAGGIVRGNYDAQTGVRRHPVFDYQEAFAEQLPPVTQAGNTTISAIVTNVRMSPVELNQFAKQVHSSMHRGIQPFHTDMDGDTLFAVTTDEIDLPTTPGSSRGRLSVNATALGAIASEVMWDAVLEAAK
Nylon,,,,Polyamidase,MDVAEYAAHDATGLAELIREGQVSAAEVWTAAATALDAVEPELAAVAGERFDKPLDYDESGPFAGVPFALKDLIAHAGGVPSRSGSRLFGAGVAHPEDTHLVARFRRAGLAIGAITRSPEFGFNATTEAIAYGGPSRNPWATDRSPGGSSGASAALVASGALPMAHANDGGGSIRIPAAACGAVGLKPSRGRTTPGPDFADPLLGLGIEFAVTRTVRDCARLLDAVHGAEPGDRYLLPGPVRSYAEHAAAGSRPLRIAVTTTPMDAGRAVDPECVAAVNRVAERLAELGHVVEEAAPELDVAAFDKANLDAWCSFLADAVLGASAQLGVQPSREYLEATTLACVEYGKTLSAFDIFTADRVFNQTTRAVAGFLTRYDVLLTPTTSAPPIPLGHLDADDASLSAREWYDRIFDYGSFTALFNVTGMPAISLPLAESTAGLPIGIQFAGRYGDEATLLALAGDLERAMPWADRRPAVHVGR
PET,,,,Esterase,MTEPLILQPVKPADACVIWLHGLGADRYDFLPVAEALQESLLSTRFVLPQAPTRPVTINGGYAMPSWYDIKAMSPARAIDRDELEASADRIIELIEEQRSSGIDASRIFLAGFSQGGAVVYHTAFLKWQGPLGGVLALSTYAPTFSDELELSASQQRIPVLSLHGQFDNVVQNSMGRTAYEYLKAHGVTVTWQEYPMEHEVLPEEIRDIGTWLSERLR
LDPE,,,,Laccase,GAWGCGDLLRRSHCYGARGGLPDTGALNTINFFPTLSDGIWHGIVLSNDMDGAATVTDAGSHRPGRCVHLRIHRPPPRALLYHSHSGVQLDRGLYGVVVIDDPAEPGGYDDEWVVVLDDWVDGTGRTPDDVARELGMAASGEGSESAGEMGGMDHGSMEDMEGMGDMGAETMQSDLLGGAGDVNYPYYLVNGRIPTDPVSLTAVPGRRIRLRIVNAGSDTAFRLALGGMRMTVTHSDGFPVTPRETDALLIGMGERFDVLVTLADGVFPLYAAAEGKPGYGVALVRTGAGSAGPTDTRPAELDRQVLLGTDLSPREQVRLASKSHDNYLSVDMGGTMSPYRWTLNGRAFPDAAPLAVAQGQRVRMRFRNMSMMFHPMHVHGMTFALVSGGARKDTVTVRPMQTVEVEFDADNPGQWALHCHNRL
PET,,,,Hydrolase,MKALTFSKSFLSAIAAGALMLSASAMANNPPPPDDPGAPSPYQRGPDPTVSFVEASRGNYRVATSNVSSLVSGFGGGTIHYPSNATGTMGAIVVIPGYVSGEGSIDWWGPKLASYGFVVMTIGTNSGFDQPPSRARQINNALDYLVEQNTRTGSPVRGMIDPSRLGVIGWSMGGGGTIRVAGEGRIKAAIPLAPWDTSSIPSRGVQAPTLIFACQSDVVAPVRSHASPFYNALPGSISKAFVNLNNGNHFCANGGSSFGRYDAALGRLGVSWMKRFLDEDRRYSQFLCGPNHTGDRQITEYRGNCPY
PET,,,,Hydrolase,MFGKLPFARASLAVGALLLSAAAVAQTNPYQRGPDPTVSSLEATRGPFSTSSFTVSRPSGYGAGTVYYPTNAGGKVGAIAVVPGYTARQSSINWWGPRLASHGFVVITIDTNSTLDQPSSRSSQQMAALRQVVSLAGTSSSPIYNKVDTARLGVMGWSMGGGGSLISAKNNPSLRAAAPQAPWAQESFSSVTVPTLIVSCENDSIAPNSSHSFPFYNQMTRNKKANLVINGGSHSCANSGNSDAGLIGKYGVAWMKRFMDDDTRYSKFLCGAEHQADLSKRAVEAYKENCPY
PHA,,,,PHA_depolymerase,MPQPYIFRTVELDNQSIRTAVRPGKPHLTPLLIFNGIGANLELVFPFIDALDPDLEVIAFDVPGVGGSSTPRNPYRFPGLAKLTARMLDYLDYGQVNVIGVSWGGALAQQFAHDYPERCKKLVLAATAAGAVMVPGKPKVLWMMASPRRYVQPSHVIRIAPMIYGGGFRRDPDLAMHHAAKVRSGGKLGYYWQLFAGLGWTSIHWLHKIRQPTLVLAGDDDPLIPLINMRLLAWRIPNAQLHIIDDGHLFLITRAEAVAPIIMKFLQEERQRAVMHPRPASGG
PBAT_PBS_PBSA_PCL_PES,,,,Hydrolase,MKRRLIAYSIAALAISATAVALPTGVASAAPCSDVDVSFARGTGELPGLGITGTPFVNSVKSQLSDRSVSTYAVNYAADFTQASAGPGSRDLVAHLNSVAASCPSTKFVIGGYSQGATVVTNAVGLRTPSSFTGAVIPAAIADRIEAVVVFGNPFGLTGRKIETASSTYGSRTNSFCNFGDPVCQIGGFNTFAHLTYGTNGSTTQGASFAAAQVRS
PBAT_PBSA_PES_PCL,,,,Hydrolase,MKVILFKKRSLQILVALALVIGSMAFIQPKEVKAAEHNPVVMVHGIGGASYNFASIKSYLVGQGWDRNQLYAIDFIDKTGNNRNNGPRLSKFVQDVLDKTGAKKVDIVAHSMGGANTLYYIKNLDGGDKIENVVTIGGANGLVSSRALPGTDPNQKILYTSVYSSADLIVVNSLSRLIGAKNVLIHGVGHIGLLTSSQVKGYIKEGLNGGGQNTN
PE,,,,Laccase,MASSALGHSSRSGSQGATINSDQNTHKVPILTGKEFDLYVSKQSAIVNGKKSMATLINNSLPAPTLKMREGDTVVIRVHNQMDESTSIHWHGLLVPFEMDGVPGISFDGIPANSTFTYKFKLKQSGTYWYHSHSGFQEQTGMLGAIVIEPKGRERHPIEEDHVIVLSDWTSRNPHNLLKLLKQRADFDNYHLPDFKKLLSDIAETDMKTAFDKRKMWNQMRMMPTDFTDLSGENTFTYLINGKTTAANWAQIVKAGQRVKLRFINASAQTIFDVRIPGLKMTVVATDGIDVAPVAIDDFRIGVAETYDVIVTPTKDAHTIFAQNIDRSGYVAATLATKEGARAATPAMDKIEWLTMADMMGAMGADGYKAKHAKTEYDFKSDMRVDSPRMNLDDPGINLRNIDRKVLNYSQLRSVDEAIFAEQRKPTREIELHLTGNMERYIWAFDGVKFSEATPVNIKPNERVRITLVNDTMMNHPMHLHGMWSDLRMPNGEFQVRKHTIMVQPAQKISFDVTGEAGRWAWHCHLLYHMEAGMFREVAVI
PLA_PHA_PES_PCL,,,,Lipase,MTMTLLYRDMNQAQLDAAYNNTQAVPDFPGIYAALQARSASFYASAAGRLNLPYGTAPRQRYDWLPCGKADAPTLIFIHGGYWQNCSKEDFAFIAAGPLAAGFNIVLAEYTLAPQASMTQIVSEIGSLLEHLQADADQLGIAGHKVVLSGHSAGGHLALQFRSHPWVTDVLAISALVDLEPISLSWLNEKLSLSEAEIDAYSPLYHIDKGANTWVAVGADELSELVRQSDEYAKQALARGESVQLIHVPGCTHFSVLDEMAKPQGALLQALSSIR
PLA_PHA_PES_PCL,,,,Lipase,MSTLSWVRGVNGTLGWVAPTLVASKMRLAFMTPRERLPRDWELPLLARSERITLRFGLSALRWGQGPAVLLMHGWEGRPTQFASLIDALVGAGYSVVALDGPAHGRSPGHEANVMLFARAMLEAAAELPPLRAVIGHSMGGASAMLAVQLGLRTETLVSIAAPARILGVLRGFARYVRLPPKARSAFIRQVEQDVGMRAAAMDVAHYQLDMPGLIVHAEDDNFVPVKESDLIHEAWFDSRLLRLKEGGHQRVLADPRVIEGVLTLLAGRSLQARQSA
PET_PBSeT_PBAT_Ecovio-FT,,,,PETase,MFRTIAKNPVRSLIAAGSLLLSASAFAAGGGGDGGDGGCTSDCGFQRGPDPTVSFLEASSGPYSVRTDNVSSLVGGFGGGTVHYPTGTTGTMAAVVVIPGFVSAESSIEWWGPKLASYGFVVMTIDTNSGFDQPPSRATQINNALDYLLEENDSSSSPYSGMIDPNRLGVIGWSMGGGGTLRVAAEGRIQAAIPLAPWDTSSLRFRNIETPTLIFACESDVIAPVGSHADPFYEAIPDSTDKAFFELNNGSHYCGNGGNSYNNELGRLGVSWMKLHLDQDQRYNQFLCGPDHEDEYRISEYRGTCPY
PET_PBSeT_PBAT_Ecovio-FT,,,,PETase,MFNQIGKKSALSLMAAGSLMFSATALAIGGGGSGGGNNGGGGGCEADCGYERGPDPSVSLLEASTGPFSVRTSNVSSSVRGFGGGTIHYPTNTTGTMAAIVVIPGFVSPESSIAWWGPKLASHGFVVMTIGTNSGFDQPASRASQLNNALDYLIEQNGSSRSPINGMIDTDRLGVMGWSMGGGGTLRVATEGRVSAAIPLAPWDSSSSQFRSIDTPTLIFACENDSTAPVRSHADPFYDAIPDSTAKAFVELDGGGHTCANGSSGFGGSYNDVLSRLGVSWMKLHLDKDQRYNQFVCGPNHESDRSISEYRGTCPY
PET,,,,PETase,MQSPAQSSAPTVELDSGAIAGSTADGVVSFKGIPYAAPPVGNLRWRAPQPVASWTGVRAATEYGYDCIQLPLEGDAAASGGEMSEDCLVLNVWRPAEIAPGERLPVLVWIHGGGFLNGSAAAPIYDGTAFAQQGLVVVSFNYRLGRLGFFAHPALTAANEGPLGNYGLMDQIAALEWVQRNIAAFGGDPARITLMGQSAGGISVMYHLTAPESQGLFHQAAVLSGGGRTYLLGLRNLRESTDALPSAEQSGLAFGRRFGIRGRGRAALRSLRSLSAEEVNGDLSMAALVEKPADYAGLEHHHHHH
PET,,,,PETase,MVDITGNGMAATAPTDERIVDKPLPQPQIRSGNVRAMPAARKLAQEHGIDLSTLTGSGPGGVIVKEDVERAITARAVPVSPLQRVNFYSAGYRLDGLLYTPRHLPAGERRPGVVLLVGYTYLKTMVMPDIAKVLNAAGYVALVFDYRGFGESEGPRGRLIPLEQVADARAALTFLAEQSMVDPDRLAVIGISLGGAHAITTAALDQRVRAVVALEPPGHGARWLRSLRRHWEWRQFLSRLAEDRRQRVLSGGSTMVDPLEIVLPDPESQAFLDQVAAEFPQMKVTLPLESAEALIEYVSEDLAGRIAPRPLLIIHSDADQLVPVAEAQAIAERAGSSAQLEIIPGMSHFNWVMPGSPGFTRVTDSIVKFLRNTLPVSADNLEHHHHHH
PET,,,,PETase,MVPSAGVGLSGVLHLPAGVSRPVLFLHGFTGNKTESGRLYTDMARVLCSAGYAALRFDFRGHGDSPLPFEEFRISLAVEDARNAAGFLKNVPEVDGTRFGVVGLSMGGGVAVSLAAGREDVGALVLLSPALDWPELFQRARGFFRAEEGYVYWGPHRMRDVYAMETMNFSVMGLAEEIQAPTLIIHSVDDMVVPISQAKRFYEKLKVEKKFIEIEHGGHVFDDYNVRRRIEQEVLDWVKRHLLEHHHHHH
PET,,,,PETase,MLIRPVTFRNMNQQIIGILHTPDNIRLNEKVPGILMFHGFTGNKTEAHRLFVHVARSLSEHGFIVLRFDFRGSGDSDGEFEDMTLPGEVSDAERALTFLLRQRNVDKNRIGVIGLSMGGRVAAILASKDRRVKFAVLYSPALGPLRDRSLSFMSKEKIERLNSGEAVEFFAEGWYIKKAFFETVDYIVPLDIMDSIKVPVLIVHGDKDPLIPVGEAIRAYEKIKGVNEKNELYIVRGGDHTFSKKEHTLEVIKKTLDWIRSLGILEHHHHHH
PET,,,,PETase,MARAAPISPLQRVNFYSAGYRLDGLLYTPRHLPAGERRPGVVLLVGYTYLKTMVMPDIAKVLNAAGYVALVFDYRGFGESEGPRGRLIPLEQVADARAALTFLAEQSMVDPDRLAVIGISLGGAHAITTAALDQRVRAVVAIEPPGHGAHWLRSLRRHWEWSQFLSRLTEDRRQRVLSGVSSTVDPLEIVLPDPESQAFLDQVAAEFPQMKVTLPLESAEALIEYVPEDLAGRIAPRPLLLEHHHHHH
PET,,,,PETase,MQPYPVGTRTITYQDPVRNNRNIQTYLYYPATAAGANQPVAGGQFPVVVVGHGFTMNYAPYAFWGNALAESGYIVAIPNTETGFSPSHSAFAADMAFLVAKLYTENTNSSSPFYQHVQYNSCIIGHSMGGGCTYLAAQNNADVSATVTFAAAETNPSATAAAANVNCPSLVFSGSADCITPPAQHQVPMYNALPDCKAYGGSSRVDLQACKLEHHHHHH
PET,,,,PETase,MQVIQQTVTLQKTQLRLTKEGFVTNYRFPVDFYYPDSPESFPVILISHGFGSVRENFRTLAQHLASHGFLVAVPQHIGSDLQYRQELIKGTLSSALSPVEFLARPTDLSTIIDYLQATQNTGSWQKRANLQQIGVIGDSLGGTTALTIGGAPLDIPRLQTKCTSDNVIVNVALILQCQASFLPPSEYNLADSRVKAVIATHPLISGIFSPDSLAKIQIPVMITAGNFDIITPLEHHHHHH
PET,,,,PETase,MQTVTSMLKDLDAVITQVSEKFPQIDNKRVCLIGHSQGAYVSFLHATKDERIKCLVSWMGRLSDLKEFWSKLWFDEIERKGYIYEWDYKITKKYVRDSLKYNLSKAAWRIKVPTLLIYGELDDIVPPSEGMKFYRNIKSPKKIVIVKDLNHTFSGEKAKKSVIRITLKWLSKWLKRLDLEHHHHHH
PET,,,,PETase,MANPPGGDPDPGCQTDCNYQRGPDPTDAYLEAASGPYTVSTIRVSSLVPGFGGGTIHYPTNAGGGKMAGIVVIPGYLSFESSIEWWGPRLASHGFVVMTIDTNTIYDQPSQRRDQIEAALQYLVNQSNSSSSPISGMVDSSRLAAVGWSMGGGGTLQLAADGGIKAAIALAPWNSSINDFNRIQVPTLIFACQLDAIAPVALHASPFYNRIPNTTPKAFFEMTGGDHWCANGGNIYSALLGKYGVSWMKLHLDQDTRYAPFLCGPNHAAQTLISEYRGNCPYLEHHHHHH
PET,,,,PETase,MTTPTPTPEPEPEPPGGCGDCYQRGPDPTVAALEADRGPYSVRTINVSSWVSGFGGGTIHYPVGTQGTMGAIAVIPGYVSYENSIEWWGGRLASWGFVVITIDTNSIYDQPDSRANQLSAALDYVIAQSNSSRSAIQGMVDPNRLGAIGWSMGGGGTLKLSTDRYLKAAIPQAPWYSGFNPFDEITTPTLIIACQLDAVAPVAQHASPFYNEIPNSTAKAFLEIRNGDHFCANSGYPDEDILGKYGVAWMKRFIDDDRRYDAFLCGPNHEAEWDISEYRDTCNYLEHHHHHH
PET,,,,PETase,MQADTDTTAVAPAAANPYERGPAPTEASVTAARGPFAIAQVNVPSGSGAGFNDGTIYYPTDTSQGTFGAVAVIPGFISPQAVIQWFGPRLASQGFVVFTLDSNGLADLPDARGRQLLAALDYLTTQSTVRTRIDPNRLAVMGHSMGGGGTLLAAENRPTLKAAIPLAPWEPDTSWEGVKVPTMIIGGESDVVAPVSSMAIPDYNSLSSAPEKAYLELRSGDHLAPASESPTVAEYALSWLKRFVDDDTRYDQFLCPGPTPDTDISQYLDTCPNGSLEHHHHHH
PET,,,,PETase,MADNPYQRGPDPTRDSVAASRGTFATASTTVGSGNGFGAGFIYYPTDTSQGTFGAVAIVPGYTATWAAEGAWMGHWLASFGFVVIGIDTINRNDWDTARGTQLLAALDYLTQRSTVRDRVDASRLAVMGHSMGGGGAMYAALQRPSLKAAVGLAPFSPSQNLNGMRVPTMLLAGQHDTTTTPASITSLYNGIPAATEKAYLELSGAGHGFPTSNNSVMMRKVIPWLKIFVDSDVRYTQFLCPLMDNTGIRSYQSTCPLLPGTPTPPNRYEAETSPAVCTGTIASNHTGYSGTGFCDGNNATNAYAQFTVNASAAGSMTLRVRFANGTTTARPASLIVNGSTVQTPSFEGTGAWTTWATKTLTVTLNAGNNTIRFNPTTANGLPNLDYIEIAAPLEHHHHHH
PET,,,,PETase,MGDCPATAICRSESPGAYSGNGPYGSRSYTLSRFQTPGGATVYYPANAEPPYAGMVFTPPYTGTQAMFAAWGPFFASHGFVLVTMDTSTTLDSVDQRAAQQKEVLNALKSENTRSGSPLRGKLDTARLGAVGWSMGGGATWINSAEYSGLKTAMSLAGHNLTAVDIDSKGYNTRVPTLLFNGAQDLTYLGGLGQSDGVYNNIPAGIPKVFYEVSSAGHFDWGSPTAANRSVASLALAFHKAYLDGDTRWLQYITRPSSDVTTWRTANIRLEHHHHHH
PET,,,,PETase,MSQVPPTPPTDDPMGDCPSTAICRGEAPGSYSGNGPYGSRSYTLSRFQTPGGATVYYPSNAEPPYSGLVFTPPYTGTQAMFRAWGPFFASHGIVLVTMDTSTTVDTVDQRASQQKRVLDVLKQENTRSGSPLRGKLDTSRLGAVGWSMGGGATWINSAEYNGLKTAMSLAGHNMTAIDLDSKGGNTRVPTLLFNGALDLTMLGGLGQSIGVYNAIPRGIPKVIYEVASAGHFDWGSPTAANRSVAGIALAFHKTFLDGDTRWVSYIKRPSSDVATWRTENLPQLEHHHHHH
PET,,,,PETase,MESPYERGPDPTSASVLDNGTFSLSSTSVSSLVTGFGGGTIYYPTSTTQGTFGGVVLAPGYTASSSSYSSVARRVASHGFVVFAIDTNSRYDQPDSRGSQILAAVSYLKNSASSTVASRLDETRIAVSGHSMGGGGTLAAANQDSSIKAAVALQPWHTDKTWPGIQIPTMIIGAENDSVAPVASHSIPFYTSMTGAREKAYGEINNGDHFIANTDDDWQGRLFVTWLKRYVDDDTRYSQFLCPAPSSIYLSDYRNTCPDLEHHHHHH
PET,,,,PETase,MQAQYQKGPDPTASALERNGPFAIRSTSVSRTSVSGFGGGRLYYPTASGTYGAIAVSPGFTGTSSTMTFWGERLASHGFVVLVIDTITLYDQPDSRARQLKAALDYLATQNGRSSSPIYRKVDTSRRAVAGHSMGGGGSLLAARDNPSYKAAIPMAPWNTSSTAFRTVSVPTMIFGCQDDSIAPVFSHAIPFYNAIPNSTRKNYVEIRNDDHFCVMNGGGHDATLGKLGISWMKRFVDNDTRYSPFVCGAEYNRVVSSYEVSRSYNNCPYLEHHHHHH
PET,,,,PETase,MSNPYERGPAPTESSVTAVRGYFDTDTDTVSSLVSGFGGGTIYYPTDTSEGTFGGVVIAPGYTASQSSMAWMGHRIASQGFVVFTIDTITRYDQPDSRGRQIEAALDYLVEDSDVADRVDGNRLAVMGHSMGGGGTLAAAENRPELRAAIPLTPWHLQKNWSDVEVPTMIIGAENDTVASVRTHSIPFYESLDEDLERAYLELDGASHFAPNISNTVIAKYSISWLKRFVDEDERYEQFLCPPPDTGLFSDFSDYRDSCPHTTLEHHHHHH
PET,,,,PETase,MAEPADVHGPDPTEESITAPRGPFEVDEESVSRLSVSGFGGGTIYYPTDTTDGLFSAVSISPGFTGTQETMAWYGPRLASQGFVVFTIDTITTTDQPDSRARQLQASLDYLVNDSDVKDIIDPARLGVMGHSMGGGGSLKAALDNPALKAAIPLTPWHTTKDFSGVQTPTLIIGAQNDTVAPVSQHAKPFYESLPDDPGKAYLELAGASHLAPNTDNTTIAKFSIAWLKRFLDDDTRYDQFLCPPPENDDSISDYQSTCPYLEHHHHHH
PET,,,,PETase,MANPYERGPNPTDALLEARSGPFSVSEENVSRLSASGFGGGTIYYPRENNTYGAVAISPGYTGTEASIAWLGKRIASHGFVVITIDTITTLDQPDSRAEQLNAALNHMINRASSTVRSRIDSSRLAVMGHSMGGGGSLRLASQRPDLKAAIPLTPWHLNKNWSSVRVPTLIIGADLDTIAPVLTHARPFYNSLPTSISKAYLELDGATHFAPNIPNKIIGKYSVAWLKRFVDNDTRYTQFLCPGPRDGLFGEVEEYRSTCPFLEHHHHHH
PET,,,,PETase,MAANPYERGPNPTDALLEARSGPFSVSEENVSRLSASGFGGGTIYYPRESNTYGAVAISPGYTGTEASIAWLGERIASHGFVVITIDTITTLDQPDSRAEQLNAALNHMINRASSTVRSRIDSSRLAVMGHSMGGGGTLRLASQRPDLKAAIPLTPWHLNKNWSSVTVPTLIIGADLDTIAPVATHAKPFYNSLPSSISKAYLELDGATHFAPNIPNKIIGKYSVAWLKWFVDNDTRYTQFLCPGPRDGLFGEVEEYRSTCPFLEHHHHHH
PET,,,,PETase,MANPYERGPNPTESMLEARSGPFSVSEERASRLGADGFGGGTIYYPRENNTYGAIAISPGYTGTQSSIAWLGERIASHGFVVIAIDTNTTLDQPDSRARQLNAALDYMLTDASSSVRNRIDASRLAVMGHSMGGGGTLRLASQRPDLKAAIPLTPWHLNKSWRDITVPTLIIGADLDTIAPVSSHSEPFYNSIPSSTDKAYLELNNATHFAPNITNKTIGMYSVAWLKRFVDEDTRYTQFLCPGPRTGLLSDVDEYRSTCPFLEHHHHHH
PET,,,,PETase,MANPYERGPDPTQASLEASRGPFPVSEERVSSPVSGFGGGTIYYPQENNTYGAVAISPGYTATQSSVAWLGERIASHGFVVITIDTNTTLDQPDSRADQLEAALDHMVDGASSTVRSRIDRNRLAVMGHSMGGGGTLRLASRRPDLKAAIPLTPWHLNKSWSNVQVPTLIIGAENDTVAPVALHAEPSYTSIPTSTRKAYLELNGASHFAPSVANATIGMYGVAWLKRFVDEDTRYTRFLCPGPRTGLFSDVEEYRSTCPFLEHHHHHH
PET,,,,PETase,MANPYERGPNPTNSSIEALRGPYSVSEDSVSSLVSGFGGGTIYYPTGTNETFGAVAISPGYTGTQSSISWLGPRLASQGFVVMTIDTNTTLDQPDSRASQLDAALDYMVNRSSSTVRNRIDLEHHHHHH
PET,,,,PETase,MANPYERGPNPTDALLEARSGPFSVSEENVSRFGADGFGGGTIYYPRENNTYGAVAISPGYTGTQASVAWLGERIASHGFVVITIDTNTTLDQPDSRARQLNAALDYMINDASSAVRSRIDSSRLAVMGHSMGGGGTLRLASQRPDLKAAIPLTPWHLNKNWSSVRVPTLIIGADLDTIAPVLTHARPFYNSLPTSISKAYLELDGATHFAPNIPNKIIGKYSVAWLKRFVDNDTRYTQFLCPGPRDGLFGEVEEYRSTCPFALELEHHHHHH
TP,,,,"1,2-dihydroxy-3,5-cyclohexadiene-1,4-dicarboxylate dehydrogenase",MTIVHRRLALAIGDPHGIGPEIALKALQQLSATERSLIKVYGPWSALEQAAQICQMESLLQDLIHEEAGSLAQPAQWGEITPQAGLSTVQSATAAIRACENGEVDAVIACPHHETAIHRAGIAFSGYPSLLANVLGMNEDEVFLMLVGAGLRIVHVTLHESVRSALERLSPQLVVDAVDAAVQTCTLLGVPKPQVAVFGINPHASEGQLFGLEDSQITAPAVETLRKCGLAVDGPMGADMVLAQRKHDLYVAMLHDQGHIPIKLLAPNGASALSIGGRVVLSSVGHGSAMDIAGRGVADSTALLRTIALLGAQPG
TP,,,,"Terephthalate 1,2-dioxygenase, terminal oxygenase component subunit alpha 1",MQESIIQWHGATNTRVPFGIYTDTANADQEQQRIYRGEVWNYLCLESEIPGAGDFRTTFAGETPIVVVRDADQEIYAFENRCAHRGALIALEKSGRTDSFQCVYHAWSYNRQGDLTGVAFEKGVKGQGGMPASFCKEEHGPRKLRVAVFCGLVFGSFSEDVPSIEDYLGPEICERIERVLHKPVEVIGRFTQKLPNNWKLYFENVKDSYHASLLHMFFTTFELNRLSQKGGVIVDESGGHHVSYSMIDRSAKDDSYKDQAIRSDNERYRLKDPSLLEGFEEFEDGVTLQILSVFPGFVLQQIQNSIAVRQLLPKSISSSELNWTYLGYADDSTEQRKVRLKQANLIGPAGFISMEDGAVGGFVQRGIAGAANLDAVIEMGGDHEGSSEGRATETSVRGFWKAYRKHMGQEMQA
TP,,,,"Terephthalate 1,2-dioxygenase, reductase component 1",MNHQIHIHDSDIAFPCAPGQSVLDAALQAGIELPYSCRKGSCGNCASALLDGNITSFNGMAVRSELCTSEQVLLCGCTAASDIRIQPSSFRRLDPEARKRFTAKVYSNTLAAPDVSLLRLRLPVGKRAKFEAGQYLLIHLDDGESRSYSMANPPHESDGITLHVRHVPGGRFSTIVQQLKSGDTLEIELPFGSIALKPDDTRPLICVAGGTGFAPIKSVLDDLAKRKVQRDITLIWGARNPSGLYLPSAIDKWRKTWPQFRYIAAITDLGNVPADAHAGRVDDALRTHFGNLHDHVVHCCGSPSLVQSVRTAASDMGLLAQNFHADVFATSPTGSH
TP,,,,"Terephthalate 1,2-dioxygenase, terminal oxygenase component subunit beta 1",MINEIQIAAFNAAYAKTVDSDAMEQWPTFFTKDCHYRVTNVDNHAEGLAAGIVWADSQDMLTDRISALREANIYERHRYRHILGLPSIQSGDATQASASTPFMVLRIMHTGETEVFASGEYLDKFTTIDGKLRLQERIAVCDSTVTDTLMALPL
TP,,,,"1,2-dihydroxy-3,5-cyclohexadiene-1,4-dicarboxylate dehydrogenase",MTIVHRRLALAIGDPHGIGPEIALKALRQLSANERSLIKVYGPWSALEQAAQICQMESLLQDLIHEEAGSLAQPAQWGEITPQAGLSTVQSATAAIRACENGEVDAVIACPHHETAIHRAGIAFSGYPSLLANVLGMNEDQVFLMLVGAGLRIVHVTLHESVRSALERLSPQLVVNAVQAAVQTCTLLGVPKPQVAVFGINPHASEGQLFGLEDSQITAPAVETLRKCGLAVDGPMGADMVLAQRKHDLYVAMLHDQGHIPIKLLAPNGASALSIGGRVVLSSVGHGSAMDIAGRGVADSTALLRTIALLGAQPG
TP,,,,"Terephthalate 1,2-dioxygenase, reductase component 2",MNHQIHIHDSDIAFPCAPGQSVLDAALQAGIELPYSCRKGSCGNCASTLLDGNIASFNGMAVRNELCASEQVLLCGCTAASDIRIHPSSFRRLDPEARKRFTAKVYSNTLAAPDVSLLRLRLPVGKRAKFEAGQYLLIHLDDGESRSYSMANPPHESDGITLHVRHVPGGRFSTIVQQLKSGDTLDIELPFGSIALKPDDARPLICVAGGTGFAPIKSVLDDLAKRKVQRDITLIWGARNPSGLYLPSAIDKWRKVWPQFRYIAAITDLGDMPADAHAGRVDDALRTHFGNLHDHVVHCCGSPALVQSVRTAASDMGLLAQDFHADVFATGPTGHH
TP,,,,"Terephthalate 1,2-dioxygenase, terminal oxygenase component subunit beta 2",MINEIQIAAFNAAYAKTIDSDAMEQWPTFFTKDCHYCVTNVDNHDEGLAAGIVWADSQDMLTDRISALREANIYERHRYRHILGLPSIQSGDATQASASTPFMVLRIMHTGETEVFASGEYLDKFTTIDGKLRLQERIAVCDSTVTDTLMALPL
TP,,,,"Terephthalate 1,2-dioxygenase, terminal oxygenase component subunit alpha 2",MQESIIQWHGATNTRVPFGIYTDTANADQEQQRIYRGEVWNYLCLESEIPGAGDFRTTFAGETPIVVVRDADQEIYAFENRCAHRGALIALEKSGRTDSFQCVYHAWSYNRQGDLTGVAFEKGVKGQGGMPASFCKEEHGPRKLRVAVFCGLVFGSFSEDVPSIEDYLGPEICERIERVLHKPVEVIGRFTQKLPNNWKLYFENVKDSYHASLLHMFFTTFELNRLSQKGGVIVDESGGHHVSYSMIDRGAKDDSYKDQAIRSDNERYRLKDPSLLEGFEEFEDGVTLQILSVFPGFVLQQIQNSIAVRQLLPKSISSSELNWTYLGYADDSAEQRKVRLKQANLIGPAGFISMEDGAVGGFVQRGIAGAANLDAVIEMGGDHEGSSEGRATETSVRGFWKAYRKHMGQEMQA
DBP,,,,Carboxylic ester hydrolase,MTHQIVTTQYGKVKGTTENGVHKWKGIPYAKPPVGQWRFKAPEPPEVWEDVLDATAYGPVCPQPSDLLSLSYTELPRQSEDCLFVNVFAPDTPSQNLPVMVWIHGGAFYLGAGSEPLYDGSKLAAQGEVIVVTLNYRLGPFGFLHLSSFDEAYSDNLGLLDQVAALKWVRENISAFGGDPDNVTVFGESAGGMSIAALLAMPAAKGLFQKAIMESGASRTMTKEQAASTSAAFLQVLGINEGQLDKLHTVSAEDLLKAADQLRIAEKENIFQLFFQPALDPKTLPAEPEKAIAEGAASGIPLLIGTTRDEGYLFFTPDSDVHSQETLDAALEYLLGKPLAEKAADLYPRSLESQIHMMTDLLFWRPAVAYASAHSHYAPVWMYRFDWHPEKPPYNKAFHALELPFVFGNLDGLERMAKAEVTDEVKQLSHSIQSAWITFAKTGNPSTEAVNWPAYHEETRETLILDSEITIENDPESEKRQKLFPSKGE
DBP,,,,Phthalate dioxygenase large subunit,MCLHRGMQVCRAEMGNASHFRCPYHGWSYRNDGRLVGLPFHKEAYGGEEGFKKKGQTLLPAPSLATYNGLIFISMDPDAEPLEEFLGDFKFYLDYYTKQSADGIELRGPQRWRVKANWKIGAENFAGDMYHTPQTHTSVVEIGLFREPKAEKRKDGTTYWAGNGGGTTYKLPEGGLEERLRYVGYPDEMIARMKEQWTQEQLDVVGKDGFMISAASLFPNMSFVHNWPRVEEGSDEVLPFISIRVWQPISENETEVLSWFAVDKNAPEEYKALSYKAYLMCFGSGGMFEQDDVENW
PVA,,,,Polyvinylalcohol dehydrogenase,MGSHAWGGAVFSAATLIAFGSVVHASGTVAETAPQSGHAVPADQLDGETLYKARCAACHDNAEGRTPSREVLSKNPASFILASMRTGAMVPMAEGLTLEEMTAIARAVGKADAKTDDGIDLRRIWGNSVEGTPLDAPQCSSAPTPVDLGAANQWNGWSTEKDNGRFQRKPALDVADIPKLKLKWAFQYPGSKNGQATVIGDRLFTTSTSGAVYALNAKTGCVYWRHAAEGATRTSPVIAALPEGAPAKTALFFSDFTKAAVALDAETGKQLWKTVVDDQPALQMTGSITYWDGKIYVPISSGTEAFAQIPTWECCKFRGALVALDAATGKILWKRYTTEQEPRPFKLNKAGRQMWGPSGGAIWVTPTVDEARRLIYVGTSNSYTDVPYDNSDSVMAIDADTGAVRWTVQLLADDNYIDGCWQKGKEHANCPNPLGPDFSIGAAPIYRKMADGKEFLLVGQKSGMIYALDPANKGAKIWERQLSLGSALGGIEFGTAADDGKVYAGVSDIASQAKDRGKPGLWALDIRTGEVAWNFLNAPDTKCRWNNWWCHGAFSQAISVIPGAIFAGSYDGHFRAFDTATGKIIWDVDTGTKAVTTLSGAKAFGGVMDGAGPTIAGGMVYVHSGYAGRSSESGGRDLRGTDGNILMAFSVDGK
PET,,,,Cutinase,MKFSIISTLLAATASALPAGQDAAALEARQLGGSITRNDLANGNSGSCPGVIFIYARGSTESGNLGTLGPRVASKLEAKYGKNGVWIQGVGGAYRATLGDNALPRGTSSAAIREMLGHFSDANQKCPDAVLIAGGYSQGAALAAASVTDVDAGIREKIAGVVLFGYTKNLQNRGKIPSYPEDRTKVFCNTGDLVCTGSLIVAAPHLAYQSAASGAAPEFLIQKADAAGAA
PLA,,,,Cutinase-like enzyme,MLVSALALAVLSAASLGRAAPTPESAEAHELEARATSSACPQYVLINTRGTGEPQGQSAGFRTMNSQITAALSGGTIYNTVYTADFSQNSAAGTADIIRRINSGLAANPNVCYILQGYSQGAAATVVALQQLGTSGAAFNAVKGVFLIGNPDHKSGLTCNVDSNGGTTTRNVNGLSVAYQGSVPSGWVSKTLDVCAYGDGVCDTAHGFGINAQHLSYPSDQGVQTMGYKFAVNKLGGSA
PHA,,,,PHA depolymerase,MTTYKGLRGIISYDAMETIRNTNEWMGASARALSSYPAFALMPNPLFKLMSAWGRVTERSFARMVIKPDWEIPPVVSEDGQDHVVYIEPVIERPFGDLVHFRVARRAPQARKVLLVAPMSGHYATLLRTTVTSLLPDCEVYVTDWHNARDIPVSCGKFDVDDYTQYLVDFIRHLGPDTNVIAVCQPAPLALAATALLAEEDPKAQPRSLILIGGPIDPDAAATEVTDFGNRITMGELDYLMIQQVGFKYRGAGRMVYPGLAQLSSFIAMNAETHAKAFLDKIFAEARGQGSEGDKHNTFYDEYLAVMDMTAEFYLSTVERIFKEREIARNCFTVNGKPVDLGKITDVAVMTVEGANDDISAPGQCVAALALCTGVPESRKTQHLEPGAGHYGIFAGKSWRLNIRPLVLDFIDEQLQPTGQRKRRRSGPVPVDCGVTNFSEQDAKIAV
phthalate,,,,Phthalate dioxygenase reductase,MTTPQEDGFLRLKIASKEKIARDIWSFELTDPQGAPLPPFEAGANLTVAVPNGSRRTYSLCNDSQERNRYVIAVKRDSNGRGGSISFIDDTSEGDAVEVSLPRNEFPLDKRAKSFILVAGGIGITPMLSMARQLRAEGLRSFRLYYLTRDPEGTAFFDELTSDEWRSDVKIHHDHGDPTKAFDFWSVFEKSKPAQHVYCCGPQALMDTVRDMTGHWPSGTVHFESFGATNTNARENTPFTVRLSRSGTSFEIPANRSILEVLRDANVRVPSSCESGTCGSCKTALCSGEADHRDMVLRDDEKGTQIMVCVSRAKSAELVLDL
phthalate,,,,"4,5-dihydroxyphthalate decarboxylase",MSKLQLSIAVGNYDRMRPLIDGDVQIDGVDPVFMLQDPEEIFFRAFRHADYDICELSLSSYSVKTAAGTSPYIAVPVFPSRAFRHSSVYVRSDRGIDRPEDLKGKRIGVPEYQLTANVWVRLFLEEEYGVKASDIRWVRGGYEDPTRVEKISLKLPDGVVLENAPEGQTISNLLADGEIDGVIGPRAPSCFDRGHPKVKYLFDDPQKSAAEWYERRKVFPIMHTLGIRKTLADQHPWLPGAIAKAFEQSKEVALARLSDTSATKVTLPFIEDQLRNARRLMGHDFWSYGFANNEHVIDRFLAQHHAEGLSSRRLQPAELFHPASLERFKI
phthalate,,,,Phthalate dioxygenase,MLTHQENELLCRVEGDAPMGQLMRRHWTPVCLIEEVSEPDGAPVKARVFGEDLVVFRDSEGNVGVLDEYCPHRRASLVYGRNEDSGLRCLYHGWKFDVAGNVLEMVSEPAASSMTDKVKHKAYPVQEWGGMVWAYMGPQDAIPEFVPPAWAPTADTRVSIAKALLPCNWAQILEGAIDSAHSSSLHSSDFVPARVGGAEATDKNWLRPSTDKAPRLQVERTDYGFRYAALRRPIFNANTHDYVRCTVFVAPGTVLIPPNNLYNVANINVPMDDTNTAFYFIAWGDPETTPENETWRKFLRQQVGVDLDQYYRPLRNHDNRFWQDRQAMKAGNFTGISGFPNQDIAMWVTMGPIANRSDERLGGSDLAIVEFRRRMLDAITEFQQGDGTIGTGAKAIPREVCSYQAVVPKEIDWRTYAARYVSKKNPEPADQPSALATDYQVKQ
phthalate,,,,Phthalate dioxygenase large subunit,AHVYNDRQIFALEKERLFSRAWLFVAHESEIPQPGDYVVRQVLQDSFIVARDSAGEVRVMFNMCLHRGMQVCRAEMGNASNFRCPYHGWSYRNDGRIIGLPFHQEAYGGDAGFNKEGQTLLPAPNAASYNGLIFLSMDPDAEPLDEYLGDFRFYLDFYTKQSPNGLEVRGPQRWRVKANWKIAAENFAGDMYHTPQTHTSVVEIGLFREPKANKRKDGATYWAGRGGGTTYKLPEGDFEERMSYVGYPAEMISRAKATWTEQQQQLVGADGFMISAATCFPNISFVHNWPKVEDG
phthalate,,,,Phthalate dihydrodiol dehydrogenase,RATVDAFLNEAAQVAVLEYDSAKCAALRQQLPDVPVIEGDGTTRAASDEAVEVAVDAFGGLDTLVNCVGIFDFYRGIQDIPAERIDQAFDEMFRLNVLSHIHSVKAALPALMDQGGASIILTESTSSFYPGRGGL
phthalate,,,,Phthalate dioxygenase large subunit,AHVYNDKQIFSLEKERLFSRAWLFVAHESEIPQPGDYVVRQVLQDSFIVARDSAGEVRVMFNMCLHRGMQVCRAEMGNASNFRCPYHGWSYRNDGRIIGLPFHQEAYGGDAGFNKAGQTLLPAPSVASYNGLIFLSMDPDAESLEDYLGDFRFYLDFYTKQGPNGLEVRGPQRWRVKANWKIAAENFAGDMYHTPQTHTSVVEIGLFREPKANKRKDGATYWAGRGGGTTYKLPEGSFEDRMSYVGYPADMISRAKATWTEQQQQVVGTDGFMISAATCFPNISFVHNWPKVEDG
phthalate,,,,Phthalate dihydrodiol dehydrogenase,RATVDAFLNEDARVAVLEYDSGKCATLRQQLPDVPVIEGDGTTRTANDEAVQVAVDAFGGLDTLVNCVGIFDFYRRIQDIPAERIDQAFDEMFRINVLSHIHSVKAAVPALMGQDGASIVLTESASSFYPGRGGL
PLA,,,,PLA depolymerase,METVKGVHLAIAALLFLCVLPGNADASEKQFDLVLVHGLTNKHRWSDSFLRALVNEWGSGNVYVIYTNQSMQVSKRTIDGKTITFIGKNDFSAGDDSVKDQAEIMAEKIEVLKRDHGLSPQFYIIAHSMGGLVSRQYIYDHPNTVAGLVTLGTPHHGSPLASDFDWLGFFIGAEAAMDNLRPEWVEDFNRRFPVENAPLYNGGKIYTIRGDSDGKIWEWGAMGELYVGWHILHKKHGTDSDGLVPHASAVIEGAVHLADFPNYHHLDLVTREEVAKKAAEVLR
PET,,,,PET6,MNVLTKCKLALGIIAIFFSLPSFAVPCSDCSNGFERGQVPRVDQLESSRGPYSVKTINVSRLARGFGGGTIHYSTESGGQQGIIAVVPGYVSLEGSIKWWGPRLASWGFTVITIDTNTIYDQPDSRASQLSAAIDYVIDKGNDRSSPIYGLVDPNRVGVIGWSMGGGGSLKLATDRKIDAVIPQAPWYLGLSRFSSITSPTMIIACQADVVAPVSVHASRFYNQIPGTTPKAYFEIALGSHFCANTGYPSEDILGRNGVAWMKRFIDKDERYTQFLCGQNFDSSLRVSEYRDNCSYY
PET,,,,Cutinase,MRGSHHHHHHGSNPYERGPDPTEDSIEAIRGPFSVATERVSSFASGFGGGTIYYPRETDEGTFGAVAVAPGFTASQGSMSWYGERVASQGFIVFTIDTNTRLDQPGQRGRQLLAALDYLVERSDRKVRERLDPNRLAVMGHSMGGGGSLEATVMRPSLKASIPLTPWNLDKTWGQVQVPTFIIGAELDTIAPVRTHAKPFYESLPSSLPKAYMELDGATHFAPNIPNTTIAKYVISWLKRFVDEDTRYSQFLCPNPTDRAIEEYRSTCPYKLN
PET,,,,PET-digesting enzyme,MGSSHHHHHHSSGLVPRGSHMRGPNPTAASLEASAGPFTVRSFTVSRPSGYGAGTVYYPTNAGGTVGAIAIVPGYTARQSSIKWWGPRLASHGFVVITIDTNSTLDQPSSRSSQQMAALRQVASLNGTSSSPIYGKVDTARMGVMGWSMGGGGSLISAANNPSLKAAAPQAPWDSSTNFSSVTVPTLIFACENDSIAPVNSSALPIYDSMSRNAKQFLEINGGSHSCANSGNSNQALIGKKGVAWMKRFMDNDTRYSTFACENPNSTRVSDFRTANCSLEDPAANKARKEAELAAATAEQ
PET,,,,Cutinase,GCCAACCCCTACGAGCGCGGCCCCAACCCGACCGACGCCCTGCTCGAAGCCCGCAGCGGCCCCTTCTCCGTCAGCGAGGAGAACGTCTCCCGGTTGAGCGCCAGCGGCTTCGGCGGCGGCACCATCTACTACCCGCGGGAGAACAACACCTACGGTGCGGTGGCGATCTCCCCCGGCTACACCGGCACTGAGGCTTCCATCGCCTGGCTGGGCGAGCGCATCGCCTCCCACGGCTTCGTCGTCATCACCATCGACACCATCACCACCCTCGACCAGCCGGACAGCCGGGCAGAGCAGCTCAACGCCGCGCTGAACCACATGATCAACCGGGCGTCCTCCACGGTGCGCAGCCGGATCGACAGCAGCCGACTGGCGGTCATGGGCCACTCCATGGGCGGCGGCGGCAGCCTGCGTCTGGCCTCCCAGCGTCCCGACCTGAAGGCCGCCATCCCGCTCACCCCGTGGCACCTCAACAAGAACTGGAGCAGCGTCACCGTGCCGACGCTGATCATCGGGGCCGACCTCGACACGATCGCGCCGGTCGCCACGCACGCGAAACCGTTCTACAACAGCCTGCCGAGCTCCATCAGCAAGGCCTACCTGGAGCTGGACGGCGCAACCCACTTCGCCCCGAACATCCCCAACAAGATCATCGGCAAGTACAGCGTCGCCTGGCTCAAGCGGTTCGTCGACAACGACACCCGCTACACCCAGTTCCTCTGCCCCGGACCGCGCGACGGACTCTTCGGCGAGGTCGAAGAGTACCGCTCCACCTGCCCGTTCTAG
PET,,,,AAC_BTA_hydrolase,ANPYERGPNPTDALLEASSGPFSVSEENVSRLSASGFGGGTIYYPRENNTYGAVAISPGYTGTEASIAWLGERIASHGFVVITIDTITTLDQPDSRAEQLNAALNHMINRASSTVRSRIDSSRLAVMGHSMGGGGTLRKASORPDLKAAIPLTPWHLNKNWSSVTVPTLIIGADLDTIAPVATHAKPFYNSLPSSISKAYLELDGATHFAPNIPNKIIGKYSVAWLKRFVDNDTRYTQFLCPGPRDGLFGEVEEYRSTCPF
PE,,,,Manganese_Peroxidase_Iz-MnP1,MAFTSLLSLVALAAVARAAPAAETAVCPDGTRVSNSACCAFIPLAQDLQATVFQNDCGEDAHEVIRLIFHDAVAISRSKGPSAGGGADGSMLLFPTVEPLFAANNGIDDSVNNLIPFLAKHPVSAADLVQFAGAVALSNCPGAPRLEFLAGRPNHTIPAIDGLVPEPQDDVTTILARFEDAGGFTPFEVVSLLASHSVARADKVDETIDAAPFDSTPFTFDTQVFLEVLLKGTGFPGLSNNTGEVASPLPKGSGNDTGEMRLQSDFALARDSRTACFWQGFVNQQEFMAASFKSAVAKLAVLGHNRDDLIDCSEVVPVPKPAVKKPASFPATTSAKDLELNCNSQKFPTLTVDQGATQSLIPHCSNGGQNCPAVQFDGPSQASS
PE,,,,Manganese_Peroxidase_Iz-MnP2,MALHLSSLLSASPRLHRAAPAAETAVCFDGTRVSNSACCAFIPLAQDLQATVFQNDCGEDAHEVIRLIFHDAWHISRSKGPSAGGGADGSMLLFPTVEPLFAANNGIDDSVNNLIPFLAKHPVSAADLVQFAGAVALSNCPGAPRLEFLDGRPNHTIPAIDGLVPEPQEDDVTTILARFEDAGGFTPFEVVSLLASHSVARADKVDETIDAAPFDSTPFTFDTQVFLEVLLKGTGFPGLSNNTGEVASPLPKGSGNDTGEMRLQSDFALARDSRTACFWQGFVNEQEFMAASFKSAVAKLAVLGHNRDDLIDCSEVVPVPKPAVNKPASFPATTSAKDLELNCNSQKFPTLTVDQGATQSLIPHCSNGGQNCPAVQFDGPSQASS
PLA,,,,poly(L-lacticacid)depolymerase,MKFGKFVLLAASTALAVVGLGGPAAADSTPQAQPSIIGGSNATSGPWAARLFVNGRQNCTATIIAPQYILTAKHCVSSSGTYTFRIGSLDQTSGGTMATGSTITRYPGSADLAIVRLTTSVNATYSPLGSVGDVSVGQNVSVYGWGATSQCGSEINCQSRYLKVATVRVNSISCSDYTGGVAVCANRVNGITAGGDSGGPMFASGRQVGVASTSDRVNNTAYTNITRYRSWISQVAGV
PLA,,,,poly(L-lacticacid)depolymeraseC,MRMSRAVGAIGAAAAALSLVSAGVADAQQDIIGGTTVSSAPWGAQIYWDNVTTYGGFECSGTIIAPQWVLTARHCLNSPGMNVKVGNVALQQGKSADVDQQKASPNGDIALLHLTTAVSTTYMKLGTGNPPTGATNQIYGWGRTQGSSPPSSTLKTANVRVTGLSTDAFGGRAIASQGINGSAWHGDSGGPQLYNGAQVGVCSTGSNSGSNTQGTQNYASIASSRDWIRSTAGV
PLA,,,,poly(L-lacticacid)depolymeraseB,MTSLRLLGAASAAAVALTLAGGAVASAGVQPNIVGGSTAPTVSWGAQVYVNTPGRDYQGFNCSGTVIASRWVLTAVHCLDQDGSGMYVRVGSNTLLSGTKIAVDGEYESPNGDIALLHLASATSASPISLGSSDPATGSTNQIYGWGRTTPTGPPATSLKTANVQVTGRSTDAYGGRAIQSVGINGSAWKGDSGGPEVANGVQVGVASTVQNQSGSNTRGTNNYASVAASRSWIRTTSGV
PS,,,,styrene_oxide_isomerase,MRRDVMATLAAQPAAGGVDAAPDVERERAALRKMMIGNGVLMIFAALVGGLGLWMYLIGGFIPIFPGFHWDFQLPGTAEGWARAHTGPVLNGLMVITVAFCLPLLSFTPKWARIWGLIVVLDGWSNTGFYFFGNFAPNRGLNFTANRFGEANIFSFLALAPAYLFGVLVMIALFAIGIQALRDARH
PS,,,,styrene_oxide_isomerase,MKTLERKIYGHGVLMILSTLIFGLFLWMNLVGGFEIVPGYIINFNIPGTAEGWAKAHVGPALNGMMVIAIGLVLPKLAFPLKTAKKLGYIIVLDGWGNVCFYFFSNFAPSRGLSFGSNRLGETNIFGVLALAPAYVFGVLAIGALAIIGFKALRQTDAEDRAIESANA
PS,,,,styrene_oxide_isomerase,METLQRKMAGHGILMIFSTLIAGLVLWAKLLGGWEVRPGKIVKFDVPGTDEGWARAHTGPALNGMMVIAAASVMPHTGLPAKTAKRLGWIVVADGWANVLFYFASNFTENRSLSFGPNKHGKQNIFSTIGLLPAYVFGVLVTIAMPIIGWKALKNNTATNKILEKI
PS,,,,Styrene_oxide_isomerase,MLHAFERKMAGHGILMIFCTLLFGVGLWMHLVGGFEIIPGYILEFHVPGSPEGWARAHSGPALNGMMVIAVAFVLPSLGFADKKPHLLGNIIILDGWANVGFYFFSNFSPNRGLTFGPNHFGPGDIFSFLALAPAYLFGVLAMGALAVIGYQALKSVGSRKAVPHATAE